wap1,wap2,wap3,wap4,wap5,wap6,wap7,wap8,wap9,wap10,wap11,wap12,wap13,wap14,wap15,wap16,wap17,wap18,wap19,wap20,wap21,wap22,wap23,wap24,wap25,wap26,wap27,wap28,wap29,wap30,wap31,wap32,wap33,wap34,wap35,wap36,wap37,wap38,wap39,wap40,wap41,wap42,wap43,wap44,wap45,wap46,wap47,wap48,wap49,wap50,wap51,wap52,wap53,wap54,wap55,wap56,wap57,wap58,wap59,wap60,wap61,wap62,wap63,wap64,wap65,wap66,wap67,wap68,wap69,wap70,wap71,wap72,wap73,wap74,wap75,wap76,wap77,wap78,wap79,wap80,wap81,wap82,wap83,wap84,wap85,wap86,wap87,wap88,wap89,wap90,wap91,wap92,wap93,wap94,wap95,wap96,wap97,wap98,wap99,wap100,wap101,wap102,wap103,wap104,wap105,wap106,wap107,wap108,wap109,wap110,wap111,wap112,wap113,wap114,wap115,wap116,wap117,wap118,wap119,wap120,wap121,wap122,wap123,wap124,wap125,wap126,wap127,wap128,wap129,wap130,wap131,wap132,wap133,wap134,wap135,wap136,wap137,wap138,wap139,wap140,wap141,wap142,wap143,wap144,wap145,wap146,wap147,wap148,wap149,wap150,wap151,wap152,wap153,wap154,wap155,wap156,wap157,wap158,wap159,wap160,wap161,wap162,wap163,wap164,wap165,wap166,wap167,wap168,lon,lat,FLOOR,BUILDINGID,SPACEID,RELATIVEPOSITION,USERID,PHONEID,TIMESTAMP
100,100,100,100,100,100,-55,100,100,100,100,100,100,100,100,100,100,100,100,100,100,100,100,100,100,100,100,100,100,100,100,100,100,100,100,100,-63,-64,-66,-66,100,100,100,-73,-80,100,-80,100,100,100,100,100,100,100,100,100,100,100,100,100,100,100,100,100,100,100,100,-73,-73,-68,-75,100,100,100,100,100,100,100,100,100,100,100,100,100,100,100,100,100,100,100,100,100,100,100,100,100,100,100,100,100,100,100,100,100,100,100,100,-88,100,-88,100,100,100,100,100,100,100,100,100,100,100,100,100,100,100,100,-84,-84,100,100,100,100,100,100,100,-89,-89,-70,-70,-82,-82,100,100,100,100,100,100,100,100,100,100,100,-84,100,100,100,-87,100,100,100,100,100,100,100,100,100,100,100,40.0,0.0,0,0,1,3,1,10,1475597244
100,100,100,100,100,100,-62,100,100,100,100,100,100,100,-89,100,100,100,100,100,-83,-83,100,100,100,100,-85,-84,100,100,100,100,100,100,100,100,-61,-61,-64,-64,100,100,-74,-73,-79,100,-79,100,100,100,100,100,100,100,100,100,100,100,100,100,100,100,100,100,100,100,100,-75,-75,-67,-77,100,100,100,100,100,100,100,100,100,100,100,100,100,100,100,100,100,100,100,100,100,100,100,100,100,100,100,100,100,100,100,100,100,100,100,100,-89,100,-89,100,100,100,100,100,100,100,100,100,100,100,100,100,100,-84,-83,-82,-83,100,100,100,100,100,-83,-83,-89,-89,-71,-71,-79,-79,100,100,100,100,100,100,100,100,100,100,100,-84,-89,100,100,-85,100,100,100,100,100,100,100,100,100,100,100,40.0,0.0,0,0,1,3,1,10,1475597248
100,100,100,100,-84,100,-55,100,100,100,100,100,100,100,-88,100,100,100,100,100,-88,-83,100,100,100,100,-85,-84,100,100,100,100,100,100,100,100,-62,-62,-69,-70,100,100,-76,-76,-82,100,-81,100,100,100,100,100,100,100,100,-88,100,100,100,100,100,100,100,100,100,100,100,-75,-80,-71,-81,100,100,100,100,100,100,100,100,100,100,100,100,100,100,100,100,100,100,100,100,100,100,100,100,100,100,100,100,100,100,100,100,100,100,100,100,-90,100,-91,100,100,100,100,100,100,-87,100,100,100,100,100,100,100,-84,-83,-84,-85,100,100,100,100,100,-83,-83,100,100,-72,-72,-84,-84,100,100,100,100,100,100,100,100,100,100,100,-86,-87,100,100,-88,100,-87,100,100,100,100,100,100,100,100,100,40.0,0.0,0,0,1,3,1,10,1475597252
100,100,100,100,-81,100,-59,100,100,100,100,100,100,100,-88,100,100,100,100,100,-87,100,100,100,100,100,100,100,100,100,100,100,100,100,100,100,-71,-70,-74,-74,100,100,-76,-83,-83,100,-83,100,100,100,100,100,100,100,100,-88,100,100,100,100,100,100,100,100,100,100,100,-83,-80,-69,-74,100,100,100,100,100,100,100,100,100,100,100,100,100,100,100,100,100,100,100,100,100,100,100,100,100,100,100,100,100,100,100,100,100,100,100,100,-90,100,-90,100,100,100,100,100,100,-87,100,100,100,100,100,100,100,-82,-84,-85,-85,100,100,100,100,100,100,-89,100,100,-77,-77,-84,-84,100,100,100,100,100,100,100,100,100,100,100,-89,-87,100,100,-91,100,-87,100,100,100,100,100,100,100,100,100,40.0,0.0,0,0,1,3,1,10,1475597256
100,100,100,100,-73,100,-54,100,100,100,100,100,100,100,-87,100,100,100,100,100,-86,100,100,100,100,100,100,-87,100,100,-88,100,100,100,100,100,-61,-61,-70,-70,100,100,100,100,-78,100,-78,100,100,100,100,100,100,100,-88,-87,100,100,100,100,100,100,100,100,100,100,100,100,100,-68,-70,100,100,100,100,100,100,100,100,100,100,100,100,100,100,100,100,100,100,100,100,100,100,100,100,100,100,100,100,100,-88,-88,100,100,100,100,100,-89,100,-89,100,100,100,100,100,100,-84,-84,-90,-90,100,100,100,100,-80,-80,-79,-79,100,100,100,100,100,100,100,100,-88,-76,-76,-81,-82,100,100,100,100,100,100,100,100,100,100,100,-78,-75,100,100,-84,100,100,100,100,100,100,100,100,100,100,100,239.0,0.0,0,0,2,3,1,10,1475597275
100,100,100,100,-84,100,-58,100,100,100,100,100,100,100,-87,100,100,100,100,100,-86,100,100,100,100,100,100,-87,-90,100,-88,100,100,100,100,100,-65,-65,-68,-68,100,100,100,100,-77,100,-77,100,100,100,100,100,100,100,-88,-88,100,100,100,100,100,100,100,100,100,100,100,-72,-72,-67,-69,100,100,100,100,100,100,100,100,100,100,100,100,100,100,100,100,100,100,100,100,100,100,100,100,100,100,100,-85,-85,-88,-88,100,100,100,100,100,-89,100,-89,100,100,100,100,100,100,-84,-84,-90,-90,100,100,100,100,-80,-80,-83,-82,100,100,100,100,100,-82,100,100,-88,-72,-76,-81,-82,100,100,100,100,100,100,100,100,100,100,100,-82,-75,100,100,-86,100,100,100,100,100,100,100,100,100,100,100,239.0,0.0,0,0,2,3,1,10,1475597279
-89,100,100,100,-87,100,-58,100,100,100,100,100,100,100,-87,100,100,100,100,100,-86,100,100,100,100,100,100,100,-90,100,100,100,100,100,100,100,-61,-61,-69,-69,100,100,100,100,-76,100,-77,100,100,100,100,100,100,100,-88,-88,100,100,100,100,100,100,100,100,100,100,100,-75,-76,-69,-78,100,100,100,100,100,100,100,100,100,100,100,100,100,100,100,100,100,100,100,100,100,100,100,100,100,100,100,-83,-83,100,100,100,100,100,100,100,100,100,100,100,100,100,100,100,100,-83,-84,100,100,100,100,100,100,-86,-84,-82,-83,100,100,100,100,100,-82,-86,100,100,-69,-69,-83,-83,100,100,100,100,100,100,100,100,100,100,100,-77,-81,100,100,-87,100,100,100,100,100,100,100,100,100,100,100,239.0,0.0,0,0,2,3,1,10,1475597283
-88,100,100,100,-78,100,-51,100,100,100,100,100,100,100,-87,100,100,100,100,100,100,100,-89,100,100,100,-87,-85,-90,-90,100,100,100,100,100,100,-64,-61,-73,-73,100,100,-78,-77,-78,100,-78,100,100,100,100,100,100,100,100,100,100,100,100,100,100,100,100,100,100,100,100,-75,-76,-73,-75,100,100,100,100,100,100,100,100,100,100,100,100,100,100,100,100,100,100,100,100,100,100,100,100,100,100,100,-83,-83,100,100,100,100,100,100,100,100,100,100,100,100,100,100,100,100,-86,-85,100,100,100,100,100,100,-75,-75,-83,-83,100,100,100,100,100,100,-86,100,100,-70,-70,-81,-81,100,100,100,100,100,100,100,100,100,100,100,-85,-88,100,100,-84,100,100,100,100,100,100,100,100,100,100,100,239.0,0.0,0,0,2,3,1,10,1475597287
-87,100,100,100,-79,100,-60,100,100,100,100,100,100,100,100,100,100,100,100,100,-84,-84,100,100,100,100,100,100,100,100,100,100,100,100,100,100,-65,-65,-64,-66,100,100,-71,-72,-77,100,-77,100,100,100,100,100,100,100,-87,-87,100,100,100,100,100,100,100,100,100,100,100,-73,-73,-70,-69,100,100,100,100,100,100,100,100,100,100,100,100,100,100,100,100,100,100,100,100,100,100,100,100,100,100,100,-84,100,100,100,100,100,100,100,100,100,100,100,100,100,100,100,100,100,-80,-79,-88,-88,100,100,100,100,100,100,-83,-84,100,100,100,100,100,100,100,-88,-87,-70,-69,-79,-78,100,100,100,100,100,100,100,100,100,100,100,-67,-69,100,100,100,100,100,100,100,100,100,100,100,100,100,100,140.0,218.0,0,0,3,3,1,10,1475597333
-76,100,100,100,-79,100,-56,100,100,100,100,100,100,100,100,100,100,100,100,100,-84,-84,100,100,100,100,-82,-82,-89,-88,-89,-89,100,100,100,100,-62,-62,-62,-64,100,100,-73,-73,-80,100,-80,100,100,100,100,100,100,100,-85,-84,100,100,100,100,100,100,100,100,100,100,100,-69,-70,-77,-77,100,100,100,100,100,100,100,100,100,100,100,100,100,100,100,100,100,100,100,100,100,100,100,100,100,100,100,-83,100,100,100,100,100,-88,-90,100,100,100,100,100,100,100,100,100,100,-84,-79,-90,-89,100,100,100,100,-80,-80,-79,-79,100,-89,100,100,100,-82,-81,-88,-87,-64,-64,-79,-79,100,100,100,100,100,100,100,100,100,100,100,-71,-66,100,100,-84,100,100,100,100,100,100,100,100,100,100,100,140.0,218.0,0,0,3,3,1,10,1475597336
-76,100,100,100,100,100,-54,100,100,100,100,100,100,100,-90,100,100,100,100,100,-84,-84,100,100,100,100,-82,-82,-89,-88,-89,-89,100,100,100,100,-53,-53,-66,-70,100,100,-76,-76,-80,100,-80,100,100,100,100,100,100,100,-85,-84,100,100,100,100,100,100,100,100,100,100,100,-76,-76,-76,-76,100,100,100,100,100,100,100,100,100,100,100,100,100,100,100,100,100,100,100,100,100,100,100,100,100,100,100,-83,100,100,100,100,100,-88,-90,100,100,100,100,100,100,100,100,100,100,-83,100,-90,-89,100,100,100,100,-80,-77,-84,-84,100,-88,100,100,100,-85,-85,100,100,-73,-72,-85,-85,100,100,100,100,100,100,100,100,100,100,100,-68,-63,100,100,-86,100,100,100,100,100,100,100,100,100,100,100,140.0,218.0,0,0,3,3,1,10,1475597340
100,100,100,100,-79,100,-54,100,100,100,100,100,100,100,-90,100,100,100,100,100,-84,-84,-86,-87,100,100,100,100,100,-90,100,100,100,100,100,100,-60,-60,-64,-64,100,100,-81,-81,-77,100,-77,100,100,100,100,100,100,100,100,100,100,100,100,100,100,100,100,100,100,100,100,-75,-76,-66,-66,100,100,100,100,100,100,100,100,100,100,100,100,100,100,100,100,100,100,100,100,100,100,100,100,100,100,100,100,100,100,100,100,100,100,100,100,-89,100,100,100,100,100,100,100,100,-83,100,100,100,100,100,100,100,-78,-78,-84,-84,-88,-87,100,100,100,-85,-88,100,100,-72,-72,-80,-79,100,100,100,100,100,100,100,100,100,100,100,-78,-73,100,100,-84,100,100,100,100,100,100,100,100,100,100,100,140.0,218.0,0,0,3,3,1,10,1475597344
100,100,100,100,100,100,-66,100,100,100,100,100,100,100,-85,100,100,100,100,100,-80,-79,100,100,100,100,-83,-82,-84,-84,100,100,100,100,100,100,-51,-51,-57,-63,100,100,-72,-72,-75,100,-75,100,100,100,100,100,100,100,100,100,100,100,100,100,100,100,100,100,100,100,100,-61,100,-67,-67,100,100,100,100,100,100,100,100,100,100,100,100,100,100,100,100,100,100,100,100,100,100,100,100,100,100,100,-85,-84,-86,-85,100,100,100,100,100,-90,100,-90,100,100,100,100,100,100,100,100,-88,-88,100,100,100,100,-84,-84,-86,-85,100,100,100,100,100,-80,-79,-83,-83,-66,-66,-84,-84,100,100,100,100,100,100,100,100,100,100,100,-61,-72,100,100,-73,100,100,100,100,100,100,100,100,100,100,100,140.0,562.0,0,0,7,3,1,10,1475597360
100,100,100,100,100,100,-68,100,100,100,100,100,100,100,-89,100,100,100,100,100,-80,-79,-88,-87,100,100,-83,-82,-88,-88,100,100,100,100,100,100,-50,-50,-54,-54,100,100,-76,-76,-75,100,-75,100,-88,-85,100,100,100,100,100,100,100,100,100,100,100,100,100,100,100,100,100,-68,-67,-66,-66,100,100,100,100,100,100,100,100,100,100,100,100,100,100,100,100,100,100,100,100,100,100,100,100,100,100,100,-85,-84,-86,-85,100,100,100,100,100,-90,100,-90,100,100,100,100,100,100,100,100,-86,-86,100,100,100,100,-84,-84,-84,-84,100,100,100,100,100,-80,-82,-83,-83,-66,-66,-81,-82,100,100,100,100,100,100,100,100,100,100,100,-69,-64,100,100,-73,100,100,100,100,100,100,100,100,100,100,100,140.0,562.0,0,0,7,3,1,10,1475597363
100,100,100,100,-87,100,-61,100,100,100,100,100,100,100,-88,100,100,100,100,100,100,100,-88,-87,100,100,100,100,-90,-90,100,100,100,100,100,100,-50,-50,-57,-68,100,100,-70,-70,-78,100,-79,100,-88,-85,100,100,100,100,-86,-87,100,100,100,100,100,100,100,100,100,100,100,-67,-67,-74,-74,100,100,100,100,100,100,100,100,100,100,100,100,100,100,100,100,100,100,100,100,100,100,100,100,100,100,100,100,100,100,100,100,100,-89,100,100,100,100,100,100,100,100,100,100,100,-74,-74,-86,-86,100,100,100,100,100,100,-87,-87,100,100,100,100,100,100,-82,100,100,-70,-69,-73,-73,100,100,100,100,100,100,100,100,100,100,100,-59,-72,100,100,-80,100,100,100,100,100,100,100,100,100,100,100,140.0,562.0,0,0,7,3,1,10,1475597367
100,100,100,100,-85,100,-55,100,100,100,100,100,100,100,-88,100,100,100,100,100,100,100,-87,-85,100,100,-83,100,-92,-90,-88,-87,100,100,100,100,-57,-58,-55,-68,100,100,-75,-76,-81,100,-82,100,100,100,100,100,100,100,-85,-85,100,100,100,100,100,100,100,100,100,100,100,-82,-67,-70,-71,100,100,100,100,100,100,100,100,100,100,100,100,100,100,100,100,100,100,100,100,100,100,100,100,100,100,100,-83,-81,-88,-87,100,100,-89,100,100,100,100,100,100,100,100,100,100,100,-79,-74,-90,-89,100,100,100,100,100,100,-89,-89,100,100,100,100,100,100,100,-85,-84,-66,-66,-74,-74,100,100,100,100,100,100,100,100,100,100,100,-78,-68,100,100,-87,100,100,100,100,100,100,100,100,100,100,100,140.0,562.0,0,0,7,3,1,10,1475597372
100,100,100,100,100,100,-67,100,100,100,100,100,100,100,-83,100,100,100,100,100,100,-78,-88,-88,100,100,-81,-81,-88,-88,100,100,100,100,100,100,-59,-59,-59,-60,100,100,-65,-65,-73,100,-74,100,100,100,100,100,100,100,100,100,100,100,100,100,100,-86,-85,100,100,100,100,-61,-62,-62,-62,100,100,100,100,100,100,100,100,100,100,100,100,100,100,100,100,100,100,100,100,100,100,100,100,100,100,100,100,100,-87,-86,100,100,100,100,100,100,100,100,100,100,100,100,100,100,-78,-78,-84,-84,100,100,100,100,-79,100,100,100,-86,-85,100,100,100,-78,-80,-87,-88,-70,-69,-81,-82,100,100,100,100,100,100,100,100,100,100,100,-67,-66,100,100,-74,100,100,100,100,100,100,100,100,100,100,100,239.0,681.0,0,0,10,3,1,10,1475597386
100,100,100,100,100,100,-66,100,100,100,100,100,100,100,-88,100,100,100,100,100,100,-78,-88,-89,100,100,-81,-81,-88,-88,100,100,100,100,100,100,-56,-56,-57,-64,100,100,-66,-66,-74,100,-74,100,100,100,100,100,100,100,100,100,100,100,100,100,100,-86,-85,100,100,100,100,-68,-68,-64,-64,100,100,100,100,100,100,100,100,100,100,100,100,100,100,100,100,100,100,100,100,100,100,100,100,100,100,100,100,100,-87,-88,100,100,100,100,100,-88,100,-88,100,100,100,100,100,100,-82,-78,-84,-83,100,100,100,100,-79,-79,-85,-85,-86,-85,100,100,100,-78,-78,-86,-86,-72,-73,-81,-80,100,100,100,100,100,100,100,100,100,100,100,-68,-68,100,100,-75,100,100,100,100,100,100,100,100,100,-87,100,239.0,681.0,0,0,10,3,1,10,1475597390
100,100,100,100,-85,100,-67,100,100,100,100,100,100,100,-90,100,100,100,100,100,100,100,100,-89,100,100,100,100,-86,-86,100,100,100,100,100,100,-53,-53,-56,-60,100,100,-70,-70,-78,100,-78,100,100,100,100,100,100,100,100,100,100,100,100,100,100,100,100,100,100,100,100,-64,-64,-73,-73,100,100,100,100,100,100,100,100,100,100,100,100,100,100,100,100,100,100,100,100,100,100,100,100,100,100,100,100,100,-87,-88,100,100,100,100,100,-88,100,-88,100,100,100,100,100,100,-76,-77,-86,-86,100,100,100,100,-79,-79,-85,-85,100,100,100,100,100,-78,-78,-86,-86,-72,-71,-83,-83,100,100,100,100,100,100,100,100,100,100,100,-64,-71,100,100,-76,100,100,100,100,100,100,100,100,100,-87,100,239.0,681.0,0,0,10,3,1,10,1475597394
100,100,100,100,-86,100,-61,100,100,100,100,100,100,100,-90,100,100,100,100,100,-79,-80,-88,-87,100,100,100,100,-89,-90,100,100,100,100,100,100,-53,-53,-58,-65,100,100,-81,-81,-73,100,-73,100,100,100,100,100,100,100,-88,-89,100,100,100,100,100,-88,-88,100,100,100,100,-67,-67,-68,-68,100,100,100,100,100,100,100,100,100,100,100,100,100,100,100,100,100,100,100,100,100,100,100,100,100,100,100,100,100,-87,-87,100,100,100,100,100,-88,100,-88,100,100,100,100,100,100,-74,-74,-89,-88,100,100,100,100,100,-80,-86,-86,100,100,100,100,100,-83,-84,-86,-86,-64,-64,-78,-77,100,100,100,100,100,100,100,100,100,100,100,-75,-78,100,100,-86,100,100,100,100,100,100,100,100,100,100,100,239.0,681.0,0,0,10,3,1,10,1475597398
100,100,100,100,-83,100,-69,100,100,100,100,100,100,100,-85,100,100,100,100,100,100,100,-86,-86,100,100,100,100,-85,-86,100,100,100,100,100,100,-61,-61,-71,-65,100,100,-67,-67,-71,100,-71,100,100,100,100,100,100,100,100,100,100,100,100,100,100,100,-87,100,100,100,100,-59,-59,-58,-58,100,100,100,100,100,100,100,100,100,100,100,100,100,100,100,100,100,100,100,100,100,100,100,100,100,100,100,100,100,-87,-87,100,100,100,100,100,-89,100,-90,100,100,100,100,100,100,-75,-75,-84,-85,100,100,100,100,-85,-85,-89,-88,100,100,100,100,100,-74,-74,-83,-85,-73,-73,-83,-84,100,100,100,100,100,100,100,100,100,100,100,-61,-58,100,100,-69,100,100,100,100,100,100,100,100,100,100,100,239.0,1031.5,0,0,14,3,1,10,1475597419
100,100,100,100,-85,100,-68,100,100,100,100,100,100,100,-81,100,100,100,100,100,-75,-75,-87,-87,100,100,-77,100,-86,-86,100,100,100,100,100,100,-62,-62,-66,-68,100,100,-69,-69,-71,100,-71,100,100,100,100,100,100,100,100,100,100,100,100,100,100,100,-87,100,100,100,100,-57,-57,-66,-66,100,100,100,100,100,100,100,100,100,100,100,100,100,100,100,100,100,100,100,100,100,100,100,100,100,100,100,-79,-79,-85,-85,100,100,100,100,100,-89,100,-88,100,100,100,100,100,100,-77,-77,-83,-82,100,100,100,100,-85,-85,-86,-87,100,100,100,100,100,-77,-77,-83,-85,-72,-72,-81,-84,100,100,100,100,100,100,100,100,100,100,100,-63,-64,100,100,-73,100,100,100,100,100,100,100,100,100,100,100,239.0,1031.5,0,0,14,3,1,10,1475597423
100,100,100,100,-85,100,-67,100,100,100,100,100,100,100,-89,100,100,100,100,100,-79,-79,-86,-86,100,100,-77,100,-86,-85,100,100,100,100,100,100,-63,-64,-61,-67,100,100,-61,-62,-75,100,-75,100,100,100,100,100,100,100,100,100,100,100,100,100,100,100,100,100,100,100,100,-60,-60,-65,-66,100,100,100,100,100,100,100,100,100,100,100,100,100,100,100,100,100,100,100,100,100,100,100,100,100,100,100,-78,-78,-86,-86,100,100,100,100,100,-89,100,-88,100,100,100,100,100,100,-74,-74,-86,-86,100,100,100,100,100,100,-86,-86,100,100,100,100,100,-77,-77,-86,-87,-74,-72,-81,-81,100,100,100,100,100,100,100,100,100,100,100,-69,-60,100,100,-69,100,100,100,100,100,100,100,100,100,100,100,239.0,1031.5,0,0,14,3,1,10,1475597427
-87,100,100,100,-88,100,-67,100,100,100,100,100,100,100,-89,100,100,100,100,100,-79,-79,-82,-82,100,100,100,100,-89,-89,100,100,100,100,100,100,-54,-54,-65,-67,100,100,-73,-74,-70,100,-70,100,100,100,100,100,100,100,100,100,100,100,100,100,100,-88,100,100,100,100,100,-60,-59,-60,-60,100,100,100,100,100,100,100,100,100,100,100,100,100,100,100,100,100,100,100,100,100,100,100,100,100,100,100,-78,-78,-87,-86,100,100,100,100,100,-89,100,-88,100,100,100,100,100,100,-72,-74,-89,-89,100,100,100,100,100,100,-88,-88,-85,-86,100,100,100,100,100,-84,-87,-69,-69,-80,-79,100,100,100,100,100,100,100,100,100,100,100,-69,-67,100,100,-74,100,100,100,100,100,100,100,100,100,-88,100,239.0,1031.5,0,0,14,3,1,10,1475597431
100,100,100,100,-87,100,-82,100,100,100,100,100,100,100,100,100,100,100,100,100,100,100,-87,-87,100,100,-83,100,-86,-85,-88,-90,100,100,100,100,-69,-79,-65,-67,100,100,-69,100,-67,100,-66,100,100,100,100,100,100,100,-86,100,100,100,100,100,100,100,100,100,100,100,100,-63,-63,-56,-56,100,100,100,100,100,100,100,100,100,100,100,100,100,100,100,100,100,100,100,100,100,100,100,100,100,100,100,-80,-81,-89,-88,100,100,100,100,100,-87,100,-86,100,100,100,100,100,100,-72,-71,-84,-84,100,100,100,100,-84,100,100,100,100,100,100,100,100,100,-75,-84,-84,-78,-78,-87,-87,100,100,100,100,100,100,100,100,100,100,100,-60,-54,100,100,-70,100,100,100,100,100,100,100,100,100,100,-90,140.0,1145.0,0,0,15,3,1,10,1475597451
100,100,100,100,-87,100,-76,100,100,100,100,100,100,100,-89,100,100,100,100,100,-79,-80,-86,-81,100,100,-83,100,-88,-89,-88,-90,100,100,100,100,-74,-74,-62,-65,100,100,-72,-72,-71,100,-71,100,100,100,100,100,100,100,-86,100,100,100,100,100,100,100,100,100,100,100,100,-56,-56,-62,-62,100,100,100,100,100,100,100,100,100,100,100,100,100,100,100,100,100,100,100,100,100,100,100,100,100,100,100,-80,-81,-75,-88,100,100,100,100,100,-87,100,-86,100,100,100,100,100,100,-72,-71,-86,-86,100,100,100,100,-84,100,100,100,-85,-84,100,100,100,-72,-72,-81,-81,-78,-78,-86,-88,100,100,100,100,100,100,100,100,100,100,100,-63,-53,100,100,-67,100,100,100,100,100,100,100,100,100,100,-90,140.0,1145.0,0,0,15,3,1,10,1475597454
100,100,100,100,100,100,-76,100,100,100,100,100,100,100,-83,100,100,100,100,100,-79,-71,-86,-86,100,100,-78,100,-86,-86,100,100,100,100,100,100,-70,-74,-65,-77,100,100,-70,-70,-67,100,-67,100,100,100,100,100,100,100,100,100,100,100,100,100,100,-88,-88,100,100,100,100,-69,-69,-57,-57,100,100,100,100,100,100,100,100,100,100,100,100,100,100,100,100,100,100,100,100,100,100,100,100,100,100,100,100,-73,-84,-85,100,100,100,100,100,-87,100,-87,100,100,100,100,100,100,-77,100,-86,-86,100,100,100,100,100,100,100,100,-85,-84,100,100,100,-72,-72,-77,-77,-75,-78,-86,-88,100,100,100,100,100,100,100,100,100,100,100,-62,-54,100,100,-63,100,100,100,100,100,100,100,100,100,100,100,140.0,1145.0,0,0,15,3,1,10,1475597458
100,100,100,100,100,100,-69,100,100,100,100,100,100,100,-84,100,100,100,100,100,100,-71,-86,-86,100,100,-78,100,-86,-85,100,100,100,100,100,100,-70,-70,-66,-69,100,100,-66,-66,-76,100,-76,100,100,100,100,100,100,100,100,100,100,100,100,100,100,-85,-84,100,100,100,100,-53,-54,-57,-57,100,100,100,100,100,100,100,100,100,100,100,100,100,100,100,100,100,100,100,100,100,100,100,100,100,100,100,100,-73,-71,-88,100,100,100,100,100,-90,100,-89,100,100,100,100,100,100,-77,100,-84,-84,100,100,-84,-88,100,100,-89,-87,100,100,100,100,100,-74,-73,-77,-85,-77,-77,100,-85,100,100,100,100,100,100,100,100,100,100,100,-67,-58,100,100,-61,100,100,100,100,100,100,100,100,100,-90,100,140.0,1145.0,0,0,15,3,1,10,1475597462
100,100,100,100,100,100,-80,100,100,100,100,100,100,100,-83,100,100,100,100,100,-75,-76,-88,-87,100,100,100,100,-84,-84,100,100,100,100,100,100,-75,-75,-79,-79,100,100,-59,-59,-59,100,-59,100,100,100,100,100,100,100,100,100,100,100,100,100,100,100,100,100,100,100,100,-72,100,-65,-66,100,100,100,100,100,100,100,100,100,100,100,100,100,100,100,100,100,100,100,100,100,100,100,100,100,100,100,-76,-76,-76,-76,100,100,100,100,100,-79,100,-80,100,100,100,100,100,100,-80,-79,-86,-87,100,100,100,100,100,100,100,100,100,100,100,100,100,-69,-69,-79,-78,-80,-80,100,100,100,100,100,100,100,100,100,100,100,100,100,-67,-62,100,100,-84,100,-90,100,100,100,100,100,100,100,100,100,140.0,1487.5,0,0,19,3,1,10,1475597482
100,100,100,100,100,100,-85,100,100,100,100,100,100,100,-87,100,100,100,100,100,-76,-76,-88,-87,100,100,-79,-79,-80,-79,100,100,100,100,100,100,-73,-73,-73,-74,100,100,-64,-64,-63,100,-63,100,100,100,100,100,100,100,100,100,100,100,100,100,100,100,100,100,100,100,100,-71,-71,-57,-59,100,100,100,100,100,100,100,100,100,100,100,100,100,100,100,100,100,100,100,100,100,100,100,100,100,100,100,-75,-75,-80,-80,100,100,100,100,100,-84,100,-84,100,100,100,100,100,-89,-82,-79,-86,-85,100,100,100,100,100,100,-88,-89,100,100,100,100,100,-64,-70,-79,-80,-81,-82,-87,-86,100,100,100,100,100,100,100,100,100,100,100,-70,-55,100,100,-85,100,-90,100,100,100,100,100,100,100,100,100,140.0,1487.5,0,0,19,3,1,10,1475597486
100,100,100,100,100,100,-77,100,100,100,100,100,100,100,-82,100,100,100,100,100,-76,-76,-82,-82,100,100,-79,-79,-85,-85,100,100,100,100,100,100,-73,-73,-72,-72,100,100,-64,-64,-71,100,-71,100,100,100,100,100,100,100,100,-88,100,100,100,100,100,100,100,100,100,100,100,-73,-74,-53,-55,100,100,100,100,100,100,100,100,100,100,100,100,100,100,100,100,100,100,100,100,100,100,100,100,100,100,100,-77,-76,-83,-83,100,100,100,100,100,-85,100,-86,100,100,100,100,100,-89,-82,-84,-85,-85,100,100,100,100,100,100,-86,-87,100,100,100,100,100,-71,-71,-80,-80,-80,-80,-86,-86,100,100,100,100,100,100,100,100,100,100,100,-60,-55,100,100,-80,100,-89,100,100,100,100,100,100,100,100,100,140.0,1487.5,0,0,19,3,1,10,1475597490
100,100,100,100,100,100,-80,100,100,100,100,100,100,100,-88,100,100,100,100,100,-74,-74,-83,-83,100,100,100,100,-87,-88,100,100,100,100,100,100,100,100,-69,-69,100,100,-65,-65,-68,100,-68,100,100,100,100,100,100,100,100,-88,100,100,100,100,100,100,100,100,100,100,100,-78,-77,-53,-64,100,100,100,100,100,100,100,100,100,100,100,100,100,100,100,100,100,100,100,100,100,100,100,100,100,100,100,-79,-76,-81,-80,100,100,100,100,100,-79,100,-79,100,100,100,100,100,100,-80,-79,-86,-86,100,100,100,100,100,100,-86,-87,100,100,100,100,100,-71,-71,-81,-81,-78,-77,-85,-85,100,100,100,100,100,100,100,100,100,100,100,-65,-62,100,100,-80,100,-89,100,100,100,100,100,100,100,100,100,140.0,1487.5,0,0,19,3,1,10,1475597494
100,100,100,100,100,100,-74,100,100,100,100,100,100,100,-78,100,100,100,100,100,-77,-77,-88,-89,100,100,100,100,-87,-87,100,100,100,100,100,100,-75,-75,-80,-81,100,100,-61,-61,-58,100,-58,100,100,100,100,100,100,100,100,100,100,100,100,100,100,100,100,100,100,100,100,-70,-76,-68,-69,100,100,100,100,100,100,100,100,100,100,100,100,100,100,100,100,100,100,100,100,100,100,100,100,100,100,100,-76,-75,-77,-76,100,100,-84,-85,100,-82,100,-82,100,100,100,100,100,100,100,-81,-88,-88,100,100,100,100,100,100,100,100,100,-87,100,100,100,-65,-64,-73,-73,-79,100,-87,-88,100,100,100,100,100,100,100,100,100,100,100,-71,-64,100,100,-79,100,-88,100,100,100,100,100,100,100,100,100,239.0,1607.0,0,0,22,3,1,10,1475597514
100,-89,100,-90,100,100,-77,100,100,100,100,100,100,100,-81,100,100,100,100,100,-77,-77,-87,-87,100,100,100,100,-81,-81,-88,100,100,100,100,100,-75,-75,-70,-70,100,100,-60,-60,-60,100,-60,100,100,100,100,100,100,100,100,100,100,100,100,100,100,100,100,100,100,100,100,-73,-72,-57,-65,100,100,100,100,100,100,100,100,100,100,100,100,100,100,100,100,100,100,100,100,100,100,100,100,100,100,100,-76,-72,-80,-80,100,100,-84,-85,100,-85,100,-85,100,100,100,100,100,100,-79,-79,-86,-86,100,100,100,100,100,100,100,100,100,-87,100,100,100,-65,-64,-77,-77,-81,-82,-87,-88,100,100,100,100,100,100,100,100,100,100,100,-73,-79,100,100,-76,100,-90,100,100,100,100,100,100,100,100,100,239.0,1607.0,0,0,22,3,1,10,1475597517
100,-89,100,-90,100,100,-74,100,100,100,100,100,100,100,-71,100,100,100,100,100,100,100,-86,-85,100,100,-78,-78,-85,-86,-88,100,100,100,100,100,-74,-73,-67,-67,100,100,-61,-61,-66,100,-66,100,100,100,100,100,100,100,100,100,100,100,100,100,100,100,100,100,100,100,100,-69,-69,-57,-61,100,100,100,100,100,100,100,100,100,100,100,100,100,100,100,100,100,100,100,100,100,100,100,100,100,100,100,-69,-69,-81,-81,100,100,-85,-86,100,-88,100,-88,100,100,100,100,100,100,-78,-78,-88,-87,100,100,100,100,-86,-84,-87,-87,100,-87,100,100,100,100,-67,-77,-76,-77,-76,-85,-88,100,100,100,100,100,100,100,100,100,100,100,-74,-65,100,100,-83,100,-89,100,100,100,100,100,100,100,100,100,239.0,1607.0,0,0,22,3,1,10,1475597521
100,100,100,100,-86,100,-71,100,100,100,100,100,100,100,-74,100,100,100,100,100,-76,-76,-84,-84,100,100,-79,-79,-89,-88,-88,-89,100,100,100,100,-69,-69,-76,-76,100,100,-61,-61,-62,100,-62,100,100,100,100,100,100,100,-88,-90,100,100,100,100,100,100,100,100,100,100,100,-68,-68,-57,-66,100,100,100,100,100,100,100,100,100,100,100,100,100,100,100,100,100,100,100,100,100,100,100,100,100,100,100,-78,-78,-77,-77,100,100,-87,-88,100,-84,100,-83,100,100,100,100,100,100,-80,-80,-89,-90,100,100,100,100,-86,-86,-87,-87,-86,-86,100,100,100,-65,-65,-76,-76,-76,-75,-87,-88,100,100,100,100,100,100,100,100,100,100,100,-74,-72,100,100,-79,100,-89,100,100,100,100,100,100,100,100,100,239.0,1607.0,0,0,22,3,1,10,1475597525
100,-91,100,100,-87,100,-76,100,100,100,100,100,100,100,-70,100,100,100,100,100,-83,-84,-86,-86,100,100,100,100,100,100,100,100,100,100,100,100,-73,-73,-72,-73,100,100,-53,-59,-59,100,-59,100,100,100,100,100,100,100,100,100,100,100,100,100,100,100,100,100,100,100,100,-77,-77,-70,-70,100,100,100,100,100,100,100,100,100,100,100,100,100,100,100,100,100,100,100,100,100,100,100,100,100,100,100,-62,-62,-75,-75,100,100,-79,-80,100,-77,100,-77,100,100,100,100,100,100,-82,-81,100,100,100,100,100,100,100,100,100,100,100,100,100,100,100,-74,-74,-71,-72,100,100,100,-86,100,100,100,100,100,100,100,100,100,100,100,-66,-76,100,100,-85,100,100,100,100,100,100,100,100,100,100,100,40.0,1933.5,0,0,25,3,1,10,1475597548
100,-89,100,-91,-87,100,-79,100,100,100,100,100,100,100,-72,100,100,100,100,100,-83,-84,-86,-86,100,100,100,100,-89,-89,100,100,100,100,100,100,-76,-76,-74,-74,100,100,-54,-54,-65,100,-65,100,100,100,100,100,100,100,100,100,100,100,100,100,100,100,100,100,100,100,100,-76,-76,-67,-68,100,100,100,100,100,100,100,100,100,100,100,100,100,100,100,100,100,100,100,100,100,100,100,100,100,100,100,-68,-67,-76,-76,100,100,-77,-76,100,-87,100,-87,100,100,100,100,100,100,-82,-83,-88,-88,100,100,100,100,100,100,100,100,100,100,100,100,100,-75,-75,-76,-76,100,100,-88,-87,100,100,100,100,100,100,100,100,100,100,100,-64,-76,100,100,-82,100,100,100,100,100,100,100,100,100,100,100,40.0,1933.5,0,0,25,3,1,10,1475597552
100,-89,100,-87,100,100,-77,100,100,100,100,100,100,100,-75,100,100,100,100,100,100,100,-86,-85,100,100,-78,-78,-89,-89,100,100,-87,-89,100,100,-70,-70,-75,-76,100,100,-59,-58,-65,100,-65,100,100,100,100,100,100,100,100,100,100,100,100,100,100,100,100,100,100,100,100,-76,-76,-66,-67,100,100,100,100,100,100,100,100,100,100,100,100,100,100,100,100,100,100,100,100,100,100,100,100,100,100,100,-69,-70,-77,-77,100,100,-83,-76,100,-81,100,-81,100,100,100,100,100,100,-85,-84,-88,-89,100,100,100,100,100,100,100,100,100,100,100,100,100,-65,-65,-72,-72,100,100,-86,-87,100,100,100,100,100,100,100,100,100,100,100,-70,-75,100,100,-87,100,100,100,100,100,100,100,100,100,100,100,40.0,1933.5,0,0,25,3,1,10,1475597556
100,-90,100,-87,-89,100,-79,100,100,100,100,100,100,100,-78,100,100,100,100,100,100,100,-86,-85,100,100,-85,-78,100,100,100,100,-87,-89,100,100,-77,-77,-83,-83,100,100,-54,-54,-54,100,-55,100,100,100,100,100,100,100,100,100,100,100,100,100,100,100,100,100,100,100,100,-73,-73,-77,-77,100,100,100,100,100,100,100,100,100,100,100,100,100,100,100,100,100,100,100,100,100,100,100,100,100,100,100,-70,-70,-55,-76,100,100,-83,-83,100,-72,100,-72,100,100,100,100,100,100,-85,-83,-88,-89,100,100,100,100,100,100,100,100,100,100,100,100,100,-67,-67,-79,-80,-82,100,-86,-87,100,100,100,100,100,100,100,100,100,100,100,-72,-78,100,100,-86,100,100,100,100,100,100,100,100,100,100,100,40.0,1933.5,0,0,25,3,1,10,1475597560
100,100,100,100,100,100,-79,100,100,100,100,100,100,100,-83,100,100,100,100,100,-88,-88,100,100,100,100,-83,-83,100,100,100,100,100,-90,100,100,-80,-77,-85,-85,100,100,-52,-52,-68,100,-68,100,100,100,100,100,100,100,100,100,100,100,100,100,100,100,100,100,100,100,100,-85,-86,-71,-71,100,100,100,100,100,100,100,100,100,100,100,100,100,100,100,100,100,100,100,100,100,100,100,100,100,100,100,-68,-67,-77,-77,100,100,100,100,100,-82,100,-82,100,100,100,100,100,100,100,100,100,100,100,100,100,100,100,100,100,100,100,100,100,100,100,-71,-70,-81,-81,-85,-85,100,100,100,100,100,100,100,100,100,100,100,100,100,-74,-66,100,100,-87,100,100,100,100,100,100,100,100,100,100,100,339.0,2142.0,0,0,28,3,1,10,1475597576
100,100,100,-87,100,100,-80,100,100,100,100,100,100,100,-75,100,100,100,100,100,-88,-88,100,100,100,100,-83,-83,-88,-88,100,100,100,-90,100,100,-80,-80,-81,-81,100,100,-52,-52,-65,100,-65,100,100,100,100,100,100,100,100,100,100,100,100,100,100,100,100,100,100,100,100,-84,-85,-71,-71,100,100,100,100,100,100,100,100,100,100,100,100,100,100,100,100,100,100,100,100,100,100,100,100,100,100,100,-68,-65,-79,-80,100,100,100,100,100,-81,100,-81,100,100,100,100,100,100,100,100,100,100,100,100,100,100,100,100,100,100,100,100,100,100,100,-70,-70,-79,-78,-86,-85,100,100,100,100,100,100,100,100,100,100,100,100,100,-70,-82,100,100,-85,100,100,100,100,100,100,100,100,100,100,100,339.0,2142.0,0,0,28,3,1,10,1475597580
100,100,100,-85,100,100,-73,100,100,100,100,100,100,100,-73,100,100,100,100,100,-83,-83,-87,-88,100,100,100,100,-90,-89,100,100,100,100,100,100,-81,-80,-77,-78,100,100,-55,-54,-56,100,-57,100,100,100,100,100,100,100,100,100,100,100,100,100,100,100,100,100,100,100,100,-78,-77,-74,-74,100,100,100,100,100,100,100,100,100,100,100,100,100,100,100,100,100,100,100,100,100,100,100,100,100,100,100,-68,-68,-76,-76,100,100,100,100,100,-84,100,-84,100,100,100,100,100,100,-84,-84,100,100,100,100,100,100,100,100,100,100,100,100,100,100,100,-69,-68,-76,-77,-81,-85,-89,-89,100,100,100,100,100,100,100,100,100,100,100,-76,-71,100,100,-84,100,-90,100,100,100,100,100,100,100,100,100,339.0,2142.0,0,0,28,3,1,10,1475597584
100,100,100,-88,100,100,-77,100,100,100,100,100,100,100,-71,100,100,100,100,100,-84,-84,-88,-88,100,100,100,100,-90,-89,100,100,100,100,100,100,-80,-79,-78,-79,100,100,-57,-58,-66,100,-66,100,100,100,100,100,100,100,100,100,100,100,100,100,100,100,100,100,100,100,100,-78,-78,-72,-73,100,100,100,100,100,100,100,100,100,100,100,100,100,100,100,100,100,100,100,100,100,100,100,100,100,100,100,-65,-65,-81,-81,100,100,-86,100,100,-86,100,-56,100,100,100,100,100,100,-83,-83,100,100,100,100,100,100,100,100,100,100,100,100,100,100,100,-68,-67,-74,-77,-84,-84,-88,-89,100,100,100,100,100,100,100,100,100,100,100,-68,-78,100,100,-90,100,-90,100,100,100,100,100,100,100,100,100,339.0,2142.0,0,0,28,3,1,10,1475597588
100,100,100,100,100,100,-83,100,100,100,100,100,100,100,-71,100,100,100,100,100,100,100,100,100,100,100,100,100,100,100,100,100,100,100,-87,-88,100,100,100,100,100,100,-51,-51,-52,100,-53,100,100,100,-88,-89,100,100,100,100,100,100,100,100,100,100,100,100,100,-87,-88,100,100,-87,-87,100,100,100,100,100,100,100,100,100,100,100,100,100,100,100,100,100,-88,-87,100,100,100,100,100,100,100,100,100,-72,-59,-78,100,-88,100,-78,100,-79,100,-79,100,100,100,100,100,100,100,100,100,100,100,100,100,100,100,100,100,100,100,100,100,100,100,-84,100,-86,-87,100,100,100,100,100,100,100,100,100,100,100,100,100,100,100,100,-83,100,100,100,100,100,100,100,100,100,100,100,100,100,100,140.0,2342.0,0,0,29,3,1,10,1475597615
100,100,-90,-86,100,100,-87,100,100,100,100,100,100,100,-78,100,100,100,100,100,100,100,100,100,100,100,100,100,100,100,100,100,100,100,-87,-87,100,100,100,100,100,100,-52,-52,-57,100,-57,100,-86,100,-90,-91,100,100,100,100,100,100,100,100,100,100,100,100,100,-88,-88,100,100,-81,-82,100,100,100,100,100,100,100,100,100,100,-89,100,100,100,100,100,100,-88,-89,100,100,100,100,100,100,100,100,-69,-69,-80,-79,100,-88,100,-83,100,-78,100,-78,100,100,100,100,100,100,100,100,100,100,100,100,100,100,100,100,100,100,100,100,100,100,100,-83,100,-86,-87,100,100,100,100,100,100,100,100,100,100,100,100,100,100,100,-85,-89,100,100,100,100,100,100,100,100,100,100,100,100,100,100,140.0,2342.0,0,0,29,3,1,10,1475597619
100,-85,-90,-85,100,100,-87,100,100,100,100,100,100,100,-64,100,100,100,100,100,100,100,100,100,100,100,100,100,100,100,100,100,100,100,-87,-87,-80,-83,-81,-82,100,100,-52,-52,-47,100,-48,100,-86,100,-90,-91,100,100,100,100,100,100,100,100,100,100,100,100,100,-88,-88,-86,-86,-77,-77,100,100,100,100,100,100,100,100,100,100,-89,100,100,100,100,100,100,-89,-88,100,100,100,100,100,100,100,100,-63,-63,-70,-69,100,100,100,-83,100,-74,100,-74,100,100,100,100,100,100,100,100,100,100,100,100,100,100,100,100,100,100,100,100,100,100,100,-83,100,-77,-77,-89,-88,100,100,100,100,100,100,100,100,100,100,100,100,100,-84,-79,100,100,-88,100,100,100,100,100,100,100,100,100,100,100,140.0,2342.0,0,0,29,3,1,10,1475597623
100,-85,100,-89,100,100,-89,100,100,100,100,100,100,100,-68,100,100,100,100,100,100,100,100,100,100,100,100,100,100,100,100,100,100,100,-84,-85,-80,-79,-84,-85,100,100,-46,-46,-49,100,-49,100,100,100,-87,-87,100,100,100,100,100,100,100,100,100,100,100,100,100,100,100,-86,-86,-82,-81,100,100,100,100,100,100,100,100,100,100,100,-90,100,100,100,100,100,-89,-88,100,100,100,100,100,100,100,100,-61,-61,-75,-75,100,100,100,100,100,-76,100,-76,100,100,100,100,100,100,100,100,100,100,100,100,100,100,100,100,100,100,100,100,100,100,100,-80,-80,-83,-82,-89,-88,100,100,100,100,100,100,100,100,100,100,100,100,100,-82,-83,100,100,-88,100,-88,100,100,100,100,100,100,100,100,100,140.0,2342.0,0,0,29,3,1,10,1475597627
100,-85,100,-88,100,-90,-82,100,100,100,100,100,100,100,-69,100,100,100,100,100,-89,100,100,100,100,100,100,100,-88,-88,100,100,-76,-75,-85,-85,-86,-86,100,100,-87,-87,-49,-49,-55,100,-60,100,100,100,-89,-88,100,100,100,100,100,100,100,100,100,100,100,100,100,-85,-86,100,100,-87,-87,100,100,100,100,100,100,100,100,100,100,100,-91,100,-90,100,100,100,100,100,100,100,100,100,100,100,100,100,-71,-70,-74,-74,100,100,-81,100,100,-74,100,-74,100,100,100,100,100,100,100,100,100,100,100,100,100,100,100,100,100,100,100,100,100,100,100,-82,100,-86,-86,100,100,100,100,100,100,100,100,100,100,100,100,100,100,100,-90,-83,100,100,100,100,-85,100,100,100,100,100,100,100,100,100,239.0,2342.0,0,0,30,3,1,10,1475597639
100,-85,100,-89,100,-90,-82,100,100,100,100,100,100,100,-76,100,100,100,100,100,-89,100,100,100,100,100,100,100,-88,-88,100,100,-79,-80,-87,-87,-88,-88,100,100,-87,-87,-51,-51,-55,100,-58,100,100,100,-89,-88,100,100,100,100,100,100,100,100,100,100,100,100,100,-85,-84,100,100,-78,-78,100,100,100,100,100,100,100,100,100,100,100,-91,100,-90,100,100,100,100,100,-89,-89,100,100,100,100,100,100,-69,-69,-75,-76,100,100,-78,-78,100,-76,100,-77,100,100,100,100,100,100,100,100,100,100,100,100,100,100,100,100,100,100,100,100,100,100,100,-85,100,-86,-86,100,100,100,100,100,100,100,100,100,100,100,100,100,100,100,-88,-90,100,-90,100,100,-85,100,100,100,100,100,100,100,100,100,239.0,2342.0,0,0,30,3,1,10,1475597642
100,100,100,-88,100,100,-85,100,100,100,100,100,100,100,-77,100,100,100,100,100,100,100,100,100,100,100,100,100,100,100,100,100,-79,-80,-89,-87,-88,-88,100,100,100,100,-51,-51,-44,100,-46,100,100,100,-89,-89,100,100,100,100,100,100,100,100,100,100,100,100,100,-85,-84,100,100,-77,-77,100,100,100,100,100,100,100,100,100,100,100,100,100,100,100,100,100,100,100,-89,-89,100,100,100,100,100,100,-62,-63,-73,-72,100,100,-78,-78,100,-79,100,-79,100,100,100,100,100,100,-86,-86,100,100,100,100,100,100,100,100,100,100,100,100,100,100,100,-80,-80,-80,-81,100,100,100,100,100,100,100,100,100,100,100,100,100,100,100,-81,-74,100,-88,100,100,-84,100,100,100,100,100,100,100,100,100,239.0,2342.0,0,0,30,3,1,10,1475597646
100,100,100,-88,100,100,-87,100,100,100,100,100,100,100,-73,100,100,100,100,100,100,100,100,100,100,100,-85,-85,100,100,100,100,-86,-85,-87,-87,-81,-82,100,100,100,100,-51,-51,-48,100,-54,100,100,100,-89,-89,100,100,100,100,100,100,100,100,100,100,100,100,100,100,100,100,100,-79,-80,100,100,100,100,100,100,100,100,100,100,100,100,100,100,100,100,100,100,100,100,100,100,100,100,100,100,100,-58,-58,-76,-76,100,100,-80,-80,100,-65,100,-65,100,100,100,100,100,100,-86,-86,100,100,100,100,100,100,100,100,100,100,100,100,100,100,100,-79,-79,-80,-80,-88,-88,100,100,100,100,100,100,100,100,100,100,100,100,100,-85,-83,100,-88,100,100,-84,100,100,100,100,100,100,100,100,100,239.0,2342.0,0,0,30,3,1,10,1475597650
100,100,100,-87,100,100,100,100,100,100,100,100,100,100,-71,100,100,100,100,100,100,100,100,100,100,100,100,100,-89,-89,100,100,100,100,-85,-86,100,100,100,100,100,100,-52,-52,-54,100,-54,100,100,100,-87,-88,100,100,100,100,100,100,100,100,100,100,100,100,100,100,100,100,100,-86,-86,100,100,100,100,100,100,100,100,100,100,100,100,100,100,100,100,100,100,100,100,100,100,100,100,100,100,100,-71,-71,-83,-83,100,100,-69,-70,100,-78,100,-78,100,100,100,100,100,100,100,100,100,100,100,100,100,100,100,100,100,100,100,100,100,100,100,100,-81,100,100,100,100,100,100,100,100,100,100,100,100,100,100,100,100,100,-90,-88,100,-90,-89,100,-89,100,100,100,100,100,100,100,100,100,439.0,2442.0,0,0,34,3,1,10,1475597663
100,100,100,-78,100,100,100,100,100,100,100,100,100,100,-76,100,100,100,100,100,100,100,100,100,100,100,100,100,-89,-89,100,100,-73,-74,-82,-83,-81,-82,100,100,100,100,-49,-49,-52,100,-52,100,100,100,-88,-87,100,100,100,100,100,100,100,100,100,100,100,100,100,-87,-86,100,100,-81,-81,100,100,100,100,100,100,100,100,100,100,100,-88,100,100,100,100,100,100,100,100,100,100,100,100,100,-89,-88,-72,-71,-76,-76,100,100,-67,-68,100,-69,100,-69,100,100,100,100,100,100,100,100,100,100,100,100,100,100,100,100,100,100,100,100,100,100,100,100,-81,-88,-87,100,100,100,100,100,100,100,100,100,100,100,-91,100,100,100,-90,-88,100,-85,-89,100,-89,100,100,100,100,100,100,100,100,100,439.0,2442.0,0,0,34,3,1,10,1475597666
100,-86,100,-80,100,-89,-85,100,100,100,100,100,100,100,-72,100,100,100,100,100,100,100,100,100,100,100,100,100,100,100,100,100,-77,-74,-85,-85,-81,-82,100,100,100,100,-41,-41,-46,100,-47,100,100,100,-88,-88,100,100,100,100,100,100,100,100,100,100,100,-83,-83,-87,-86,100,100,-83,-82,100,100,100,100,100,100,100,100,100,100,100,-88,100,100,100,100,100,100,100,100,100,100,100,100,100,-89,-88,-61,-61,-72,-72,100,100,-69,-68,100,-74,100,-74,100,100,100,100,100,100,100,100,100,100,100,100,100,100,100,100,100,100,100,100,100,100,100,-74,-74,-84,-84,100,100,100,100,100,100,-88,100,100,100,-89,-91,100,100,100,-84,-87,100,-85,-89,100,100,100,100,100,100,100,100,100,100,100,439.0,2442.0,0,0,34,3,1,10,1475597670
100,-86,100,-82,100,-89,-87,100,100,100,100,100,100,100,-63,100,100,100,100,100,-81,100,-88,-57,100,100,100,100,100,100,100,100,-64,-65,-81,-81,100,100,100,100,100,100,-40,-40,-58,100,-58,100,100,100,-84,-84,100,100,100,100,100,100,100,100,100,100,100,-83,-83,100,100,100,100,-89,-89,100,100,100,100,100,100,100,100,100,100,100,100,100,100,100,100,100,100,100,100,100,100,100,100,100,100,100,-62,-61,-84,-85,100,100,-68,100,100,-61,100,-62,100,100,100,100,100,100,100,100,100,100,100,100,100,100,100,100,100,100,100,100,100,100,100,-71,-71,-84,-84,100,100,100,100,100,100,-88,100,100,100,-89,100,100,100,100,-79,-83,100,-85,-89,100,100,100,100,100,100,100,100,100,100,100,439.0,2442.0,0,0,34,3,1,10,1475597674
100,100,100,-85,100,-84,-88,100,100,100,100,100,100,100,-66,100,100,100,100,100,100,100,100,100,100,100,100,100,-88,-88,100,100,-70,-70,-87,-87,100,100,100,100,100,100,-48,-48,-54,100,-58,100,-74,100,-88,-88,100,100,100,100,100,100,100,100,100,100,100,100,100,-84,-83,100,100,-87,-87,100,100,100,100,100,100,100,100,100,100,100,100,100,-90,100,100,100,100,100,100,100,100,100,100,100,100,100,-65,-65,-72,-75,100,100,-75,100,100,-78,100,-78,100,100,100,100,100,100,100,100,100,100,100,100,100,100,100,100,100,100,100,100,100,100,100,100,-78,100,100,100,100,100,100,100,100,-82,100,100,100,100,100,100,100,100,-84,-78,100,-84,100,100,-74,100,100,100,100,100,100,100,100,100,439.0,2742.0,0,0,38,3,1,10,1475597688
100,-84,100,-85,100,-84,-86,100,100,100,100,100,100,100,-65,100,100,100,100,100,100,100,100,100,100,100,100,100,-88,-88,100,100,-72,-73,-85,-85,100,100,100,100,100,100,-45,-48,-54,100,-54,100,-79,-79,-88,-88,100,100,100,100,100,100,100,100,100,100,100,100,100,-84,-83,100,100,-85,-85,100,100,100,100,100,100,100,100,100,100,100,-91,100,-90,100,100,100,100,100,100,100,100,100,100,100,100,100,-69,-70,-79,-79,100,100,-74,100,100,-78,100,-78,100,100,100,100,100,100,100,100,100,100,100,100,100,100,100,100,100,100,100,100,100,100,100,100,-78,-86,-87,100,100,100,100,100,100,-82,100,100,100,100,100,100,100,100,-85,-83,100,-83,100,100,-74,100,100,100,100,100,100,100,100,100,439.0,2742.0,0,0,38,3,1,10,1475597692
100,-84,100,-76,100,100,-82,100,100,100,100,100,100,100,-65,100,100,100,100,100,100,100,-88,-88,100,100,100,100,100,100,100,100,-72,-73,-73,-73,-82,-82,100,100,100,100,-44,-43,-49,100,-50,100,-79,-79,-87,-86,100,100,100,100,100,100,100,100,100,100,100,100,100,-84,-84,100,100,-85,-86,100,100,100,100,100,100,100,100,100,100,100,-91,100,100,100,100,100,100,100,100,100,100,100,100,100,100,100,-68,-68,-70,-70,100,100,-73,-74,100,-82,100,-82,100,100,100,100,100,100,100,100,100,100,100,100,100,100,100,100,100,100,100,100,100,100,100,-75,-74,-83,-84,100,100,100,100,100,100,100,100,100,100,100,100,100,100,100,-81,-85,100,-86,100,100,-75,100,100,100,100,100,100,100,100,100,439.0,2742.0,0,0,38,3,1,10,1475597696
100,100,100,-78,100,100,-81,100,100,100,100,100,100,100,-59,100,100,100,100,100,100,100,-84,-83,100,100,-81,-80,100,100,100,100,100,100,-77,-77,-78,-78,100,100,100,100,-44,-46,-52,100,-54,100,100,100,-86,-86,100,100,100,100,100,100,100,100,100,100,100,100,100,-89,-84,100,100,-90,-89,100,100,100,100,100,100,100,100,100,100,100,-89,100,-89,100,100,100,100,100,100,100,100,100,100,100,100,100,-65,-64,-82,-82,100,100,-73,-74,100,-78,100,-79,100,100,100,100,100,100,100,100,100,100,100,100,100,100,100,100,100,100,100,100,100,100,100,-70,-74,-84,-84,100,100,100,100,100,100,100,100,100,100,100,100,100,100,100,-85,-77,100,-86,100,100,-80,100,100,100,100,100,-89,100,100,100,439.0,2742.0,0,0,38,3,1,10,1475597700
100,-73,-81,-76,100,-88,-82,100,100,100,100,100,100,100,-67,100,100,100,100,100,100,100,100,100,100,100,100,100,-90,-90,100,100,100,-75,-83,-84,100,100,100,100,-82,-82,100,-51,-55,100,-58,100,-83,-82,-88,-88,100,100,100,100,100,100,100,100,100,100,100,100,100,100,100,100,100,-89,-89,100,100,100,100,100,100,100,100,100,-82,-83,-88,100,-88,100,100,100,100,100,100,100,100,100,100,100,100,100,-70,-69,-78,-78,100,100,-70,-70,100,-74,100,-74,100,-81,100,100,100,100,100,100,100,100,100,100,100,100,100,100,100,100,100,100,100,100,100,100,100,100,100,100,100,100,100,100,100,-87,100,100,100,100,100,100,100,100,-81,100,100,-83,-90,100,-74,100,100,100,100,100,100,100,100,100,239.0,3042.0,0,0,40,3,1,10,1475597713
100,-73,-81,-79,100,-88,-83,100,100,100,100,100,100,100,-65,100,100,100,100,100,100,100,100,100,100,100,100,100,-89,-89,100,100,-76,-76,-86,-86,100,100,100,100,-82,-82,100,-51,-55,100,-55,100,-83,-82,-88,-88,100,100,100,100,100,100,100,100,100,100,100,100,100,100,100,100,100,-87,-86,100,100,100,100,100,100,100,100,-82,-82,-83,-88,100,-89,100,100,100,100,100,100,100,100,100,100,100,100,100,-72,-71,-73,-73,100,100,-74,-74,100,-73,100,-73,100,-81,100,100,100,100,100,100,100,100,100,100,100,100,100,100,100,100,100,100,100,100,100,100,100,-88,-88,100,100,100,100,100,100,-84,100,100,100,100,100,100,100,100,-85,-78,100,-85,-90,100,-70,100,100,100,100,100,100,100,100,100,239.0,3042.0,0,0,40,3,1,10,1475597716
100,-73,-82,-78,100,100,-84,100,100,100,-91,100,100,100,-64,100,100,100,100,100,100,100,-88,-88,100,100,100,100,-89,-88,100,100,-75,-75,-84,-84,100,100,100,100,100,100,-47,-47,-50,100,-50,100,-82,-81,100,100,100,100,100,100,100,100,100,100,100,100,100,100,100,100,100,100,100,-86,-87,100,100,100,100,100,100,100,100,-82,100,100,-88,100,-89,100,100,100,100,100,100,100,100,100,100,100,100,100,-67,-66,-76,-76,100,100,-72,-74,100,-80,100,-80,100,100,100,100,100,100,100,100,100,100,100,100,100,100,100,100,100,100,100,100,100,100,100,-76,-75,-87,-86,100,100,100,100,100,100,-87,100,100,100,100,100,100,100,100,-84,-75,100,-82,100,100,-70,100,100,100,100,100,100,100,100,100,239.0,3042.0,0,0,40,3,1,10,1475597720
100,100,-86,-68,100,100,-84,100,100,100,-91,100,100,100,-67,100,100,100,100,100,100,100,-87,-87,100,100,100,100,-89,-88,100,100,-75,-75,-83,-84,100,-79,100,100,100,100,-47,-47,-57,100,-60,100,-82,-81,-90,-89,100,100,100,100,100,100,100,100,100,100,100,100,100,100,100,100,100,-89,-88,100,100,100,100,100,100,100,100,100,100,100,100,100,100,100,100,100,100,100,100,100,-90,100,100,100,100,100,-67,-66,-78,-78,100,100,-72,100,100,-73,100,-73,100,100,100,100,100,100,100,100,100,100,100,100,100,100,100,100,100,100,100,100,100,100,100,-76,-75,-87,-87,100,100,100,100,100,100,-87,100,100,100,100,100,100,100,100,-68,-77,100,-84,100,100,-81,100,100,100,100,100,100,100,100,100,239.0,3042.0,0,0,40,3,1,10,1475597724
100,-83,100,-81,100,100,-87,100,100,100,100,100,100,100,-60,100,100,100,100,100,100,100,100,100,100,100,-77,-77,-89,-89,100,100,-72,100,-85,-85,100,100,100,100,100,100,-48,-48,-48,100,-48,100,100,100,-89,-89,100,100,100,100,100,100,100,100,100,100,100,100,100,-84,-85,-83,-83,-88,-89,100,100,100,100,100,100,100,100,100,100,100,100,100,100,100,100,100,100,100,100,100,100,100,100,100,100,100,-68,-68,-75,-75,100,100,100,100,100,-83,100,-83,100,100,100,100,100,100,100,100,100,100,100,100,100,100,100,100,100,100,100,100,100,100,100,-76,-76,-86,-86,100,100,100,100,100,100,-88,100,100,100,100,100,100,100,100,-78,-74,100,-80,-86,100,-80,100,100,100,100,100,100,100,100,100,-60.0,2742.0,0,0,37,3,1,10,1475597741
100,-83,100,-83,100,100,-88,100,100,100,-89,100,100,100,-61,100,100,100,100,100,100,100,100,100,100,100,-77,-77,-89,-90,100,100,-73,-77,-84,-76,-77,-77,100,100,100,100,-48,-48,-51,100,-51,100,100,100,-89,-88,100,100,100,100,100,100,100,100,100,100,100,100,100,-85,-85,-83,-83,-83,-84,100,100,100,100,100,100,100,100,100,100,100,100,100,100,100,100,100,100,100,100,100,100,100,100,100,100,100,-69,-69,-74,-74,100,100,100,100,100,-78,100,-78,100,100,100,100,100,100,100,100,100,100,100,100,100,100,100,100,100,100,100,100,100,100,100,-75,-75,-84,-84,100,100,100,100,100,100,-89,100,100,100,100,100,100,100,100,-74,-64,100,-85,-86,100,-69,100,100,100,100,100,100,100,100,100,-60.0,2742.0,0,0,37,3,1,10,1475597745
100,100,-88,-84,100,100,-80,100,100,100,-89,100,100,100,-66,100,100,100,100,100,100,100,100,100,100,100,100,100,100,-91,100,100,-73,-79,-79,-80,-80,-79,100,100,100,100,-48,-48,-47,100,-49,100,100,100,-57,-89,100,100,100,100,100,100,100,100,100,100,100,100,100,-85,-85,-82,-82,-85,-86,100,100,100,100,100,100,100,100,100,100,100,100,100,100,100,100,100,100,100,100,100,100,100,100,100,100,100,-66,-67,-75,-74,100,100,100,100,100,-76,100,-76,100,100,100,100,100,100,-81,100,100,100,100,100,100,100,100,100,100,100,100,100,100,100,100,-75,-75,-87,-87,100,100,100,100,100,100,-90,100,100,100,100,100,100,100,100,-78,-56,100,-89,-86,100,-82,100,100,100,100,100,-89,100,100,100,-60.0,2742.0,0,0,37,3,1,10,1475597749
100,-80,-88,-76,100,-87,-81,100,100,100,100,100,100,100,-68,100,100,100,100,100,-81,-81,100,100,100,100,-81,100,-90,-89,100,100,100,-79,-86,-86,-80,-79,100,100,100,100,-54,-54,-55,100,-57,100,100,100,-87,-88,100,100,100,100,100,100,100,100,100,100,100,100,100,100,100,-81,-81,-88,-88,100,100,100,100,100,100,100,100,100,100,100,-87,100,-87,100,100,100,100,100,100,100,100,100,100,100,100,100,-67,-67,-74,-73,100,100,100,100,100,-83,100,-83,100,100,100,100,100,100,-81,100,100,100,100,100,100,100,100,100,100,100,100,100,100,100,100,-75,-74,-88,-88,100,100,100,100,100,100,-90,100,100,100,100,100,100,100,100,-66,-52,100,-82,-88,100,-79,100,100,100,100,100,-89,100,100,100,-60.0,2742.0,0,0,37,3,1,10,1475597753
100,100,-87,-80,100,-88,-80,100,100,100,100,100,100,100,-64,100,100,100,100,100,100,100,100,100,100,100,100,100,100,100,100,100,-74,100,-85,-85,100,100,100,100,100,100,-49,-49,-59,100,-66,100,-83,-82,-88,-88,100,100,100,100,100,100,-90,100,100,100,100,100,100,-88,-88,100,100,-88,-89,100,100,100,100,100,100,100,100,100,100,100,-87,100,-87,100,100,100,100,100,100,100,-90,100,100,100,100,100,-75,-75,-78,-77,100,100,100,100,100,-69,100,-69,100,100,100,100,100,100,100,100,100,100,100,100,100,100,100,100,100,100,100,100,100,100,100,100,100,100,100,100,100,100,100,100,100,100,100,100,100,100,100,100,100,100,-76,-62,100,-84,-86,100,-74,100,100,100,100,100,-84,100,100,100,140.0,3042.0,0,0,39,3,1,10,1475597762
100,100,-82,-81,100,-88,-83,100,100,100,100,100,100,100,-67,100,100,100,100,100,100,100,100,100,100,100,100,100,100,100,100,100,-79,-80,-87,-87,100,100,100,100,100,100,-49,-49,-60,100,-60,100,100,100,-89,-89,100,100,100,100,100,100,-90,100,100,100,100,100,100,100,100,100,100,-88,-89,100,100,100,100,100,100,100,100,100,100,100,-87,100,-87,100,100,100,100,100,100,100,-90,100,100,100,-89,-89,-70,-71,-72,-72,100,100,100,100,100,-69,100,-69,100,100,100,100,100,100,100,100,100,100,100,100,100,100,100,100,100,100,100,100,100,100,100,100,100,100,100,100,100,100,100,100,100,-90,100,100,100,100,100,100,100,100,-68,-63,100,-81,100,100,-75,100,100,100,100,100,-86,100,100,100,140.0,3042.0,0,0,39,3,1,10,1475597765
100,-75,-81,-84,100,-88,-86,100,100,100,100,100,100,100,-68,100,100,100,100,100,100,100,100,100,100,100,100,100,100,100,100,100,-79,-80,-84,-84,100,100,100,100,100,100,100,100,-58,100,-60,100,-81,-81,-88,-89,100,100,100,100,100,100,100,100,100,100,100,100,100,100,100,100,100,-88,-89,100,100,100,100,100,100,100,100,100,100,100,-88,100,-89,100,100,100,100,100,100,100,100,100,100,100,-89,-89,-70,-69,-75,-75,100,100,-71,100,100,-73,100,-73,100,100,100,100,100,100,100,100,100,100,100,100,100,100,100,100,100,100,100,100,100,100,100,100,100,-87,-86,100,100,100,100,100,100,-90,100,100,100,100,-90,100,100,100,-78,-66,100,-75,100,100,-75,100,100,100,100,100,-86,100,100,100,140.0,3042.0,0,0,39,3,1,10,1475597769
100,-75,-81,-69,100,-90,-86,100,100,100,100,100,100,100,-60,100,100,100,100,100,100,100,100,100,100,100,100,100,-90,100,100,100,100,100,-85,-85,100,100,100,100,100,100,-44,-44,-56,100,-56,100,-81,-81,-89,-89,100,100,100,100,100,100,100,100,100,100,100,100,100,100,100,100,100,-87,-88,100,100,100,100,100,100,100,100,100,100,100,-88,100,-89,100,100,100,100,100,100,100,100,100,100,100,-89,100,-70,-69,-74,-75,100,100,-71,100,100,-79,100,-80,100,100,100,100,100,100,100,100,100,100,100,100,100,100,100,100,100,100,100,100,100,100,100,100,100,-87,-87,100,100,100,100,100,100,100,100,100,100,100,-90,100,100,100,-73,-70,100,-80,100,100,-71,100,100,100,100,100,100,100,100,100,140.0,3042.0,0,0,39,3,1,10,1475597773
100,100,100,-83,100,100,-87,100,100,100,100,100,100,100,-58,100,100,100,100,100,100,100,100,100,100,100,100,100,-89,-90,100,100,-72,-72,-85,-84,-79,100,100,100,100,100,-40,-41,-47,100,-50,100,100,100,-89,100,100,100,100,100,100,100,100,100,100,100,100,100,100,100,100,100,100,-85,-85,100,100,100,100,100,100,100,100,100,100,100,100,100,100,100,100,100,100,100,100,100,100,100,100,100,100,100,100,-65,-75,-74,100,100,100,100,100,-75,100,-75,100,100,100,100,100,100,100,100,-90,-90,100,100,100,100,100,100,100,100,100,100,100,100,100,-77,-77,-85,-86,100,100,100,100,100,100,100,100,100,100,100,100,100,100,100,-67,100,100,100,100,100,100,100,100,100,100,100,100,100,100,100,-60.0,2442.0,0,0,33,3,1,10,1475597786
100,100,-88,-79,100,-89,-84,100,100,100,100,100,100,100,-61,100,100,100,100,100,100,100,-88,-89,100,100,-78,100,-89,-90,100,100,-72,-72,-84,-84,-77,100,100,100,100,100,-40,-40,-47,100,-48,100,100,100,-88,-88,100,100,100,100,100,100,100,100,100,100,100,100,100,100,100,100,100,-86,-87,100,100,100,100,100,100,100,100,100,100,100,100,100,100,100,100,100,100,100,100,100,100,100,100,100,100,100,-64,-64,-51,-71,100,100,100,-78,100,-74,100,-74,100,100,100,100,100,100,100,100,-90,-90,100,100,100,100,100,100,100,100,100,100,100,100,100,-71,-71,-79,-79,100,100,100,100,100,100,-88,100,100,100,100,100,100,100,100,-56,100,100,100,-85,100,-82,100,100,100,100,100,-91,100,100,100,-60.0,2442.0,0,0,33,3,1,10,1475597790
100,-80,-88,-79,100,-89,-85,100,100,100,100,100,100,100,-64,100,100,100,100,100,100,100,-88,-89,100,100,-78,100,-89,-87,100,100,-78,-79,-82,-77,-77,100,100,100,100,100,-42,-41,-50,100,-50,100,100,100,-88,-87,100,100,100,100,100,100,100,100,100,100,100,100,100,100,100,-78,-78,-87,-88,100,100,100,100,100,100,100,100,100,100,100,100,100,100,100,100,100,100,100,100,100,100,100,100,100,100,100,-60,-61,-75,-76,100,100,-77,-78,100,-76,100,-77,100,100,100,100,100,100,100,100,100,100,100,100,100,100,100,100,100,100,100,100,100,100,100,-76,-75,-85,-84,100,100,100,100,100,100,-88,100,100,100,100,100,100,100,100,-54,-79,100,-76,-85,100,-82,100,100,100,100,100,-84,100,100,100,-60.0,2442.0,0,0,33,3,1,10,1475597794
100,-77,-83,-80,100,-81,-87,100,100,100,100,100,100,100,-61,100,100,100,100,100,100,100,100,100,100,100,100,100,-86,-85,100,100,-78,-79,-84,-84,100,100,100,100,100,100,-43,-43,-55,100,-55,100,100,100,-88,-87,100,100,100,100,100,100,100,100,100,100,100,100,100,-86,-87,-78,-78,-90,-89,100,100,100,100,-88,-89,100,100,100,100,100,100,100,100,100,100,100,100,100,100,100,100,100,100,100,100,100,-68,-67,-75,-75,100,100,-73,100,100,-80,100,-79,100,100,100,100,100,100,100,100,100,100,100,100,100,100,100,100,100,100,100,100,100,100,100,-76,-79,-87,-87,100,100,100,100,100,100,100,100,100,100,100,100,100,100,100,-52,-70,100,-89,-89,100,100,100,100,100,100,100,-84,100,100,100,-60.0,2442.0,0,0,33,3,1,10,1475597798
100,100,100,-81,100,100,100,100,100,100,100,100,100,100,-68,100,100,100,100,100,100,100,100,100,100,100,100,100,100,100,100,100,100,100,-84,-84,100,100,100,100,100,100,-59,-59,-59,100,-60,100,100,100,-87,-87,100,100,100,100,100,100,100,100,100,100,100,100,100,100,100,100,100,-84,-83,100,100,100,100,100,100,100,100,100,100,100,100,100,100,100,100,100,100,100,100,100,100,100,100,100,100,100,-64,-64,-81,-80,100,100,100,100,100,-73,100,-73,100,100,100,100,100,100,100,100,100,100,100,100,100,100,100,100,100,100,100,100,100,100,100,100,100,100,100,100,100,100,100,100,100,100,100,100,100,100,100,100,100,100,-56,-58,100,100,100,100,-73,100,100,100,100,100,100,100,100,100,140.0,2742.0,0,0,35,3,1,10,1475597810
100,100,-89,-81,100,100,-77,100,100,100,100,100,100,100,-68,100,100,100,100,100,100,100,100,100,100,100,100,100,-89,-89,100,100,-70,-70,-81,-81,100,100,100,100,100,100,-44,-44,-56,100,-59,100,100,100,-89,-87,100,100,100,100,100,100,100,100,100,100,100,100,100,100,100,100,100,-90,-88,100,100,100,100,100,100,100,100,100,100,100,-89,100,100,100,100,100,100,100,100,100,100,100,100,100,100,100,-61,-61,-78,-78,100,100,-74,-74,100,-75,100,-75,100,100,100,100,100,100,100,100,100,100,100,100,100,100,100,100,100,100,100,100,100,100,100,100,100,-87,-88,100,100,100,100,100,100,100,100,100,100,100,100,100,100,100,-62,-44,100,100,100,100,-73,100,100,100,100,100,100,100,100,100,140.0,2742.0,0,0,35,3,1,10,1475597814
100,100,-75,-78,100,100,-86,100,100,100,100,100,100,100,-71,100,100,100,100,100,-83,-83,100,100,100,100,100,100,-90,-89,100,100,-70,-76,-87,-86,-83,-82,100,100,100,100,-61,-61,-61,100,-64,100,100,100,-89,100,100,100,100,100,100,100,100,100,100,100,100,100,100,-84,-84,100,100,-80,-80,100,100,100,100,100,100,100,100,100,100,100,-89,100,100,100,100,100,100,100,100,100,100,100,100,100,100,100,-69,-69,-59,-80,100,100,-74,-74,100,-79,100,-80,100,100,100,100,100,100,100,100,100,100,100,100,100,100,100,100,100,100,100,100,100,100,100,100,100,-87,-88,100,100,100,100,100,100,100,100,100,100,100,100,100,100,100,-64,-55,100,-87,100,100,-73,100,100,100,100,100,-84,100,100,100,140.0,2742.0,0,0,35,3,1,10,1475597818
100,100,-75,-77,100,100,-85,100,100,100,100,100,100,100,-63,100,100,100,100,100,-83,-83,100,100,100,100,100,100,-89,-89,100,100,100,-76,-87,-87,-83,-82,100,100,100,100,-49,-61,-56,100,-57,100,100,100,-86,-85,100,100,100,100,100,100,100,100,100,100,100,100,100,-83,-84,100,100,-87,-86,100,100,100,100,100,100,100,100,100,100,100,100,100,100,100,100,100,100,100,100,100,100,100,100,100,100,100,-62,-62,-79,-79,100,100,100,100,100,-76,100,-76,100,100,100,100,100,100,100,100,100,100,100,100,100,100,100,100,100,100,100,100,100,100,100,100,100,-84,100,100,100,100,100,100,100,100,100,100,100,100,100,100,100,100,-56,-68,100,-86,100,100,-72,100,100,100,100,100,-84,100,100,100,140.0,2742.0,0,0,35,3,1,10,1475597822
100,100,100,100,100,100,-75,100,100,100,100,100,100,100,-67,100,100,100,100,100,100,100,100,100,100,100,100,100,100,100,100,100,-69,-69,-81,-81,100,100,100,100,100,100,-43,-43,-51,100,-51,100,100,100,-87,-87,100,100,100,100,100,100,100,100,100,100,100,100,100,100,100,-78,-77,-77,-77,100,100,100,100,100,100,100,100,100,100,100,100,100,100,100,100,100,100,100,100,100,100,100,100,100,100,100,100,100,-66,-66,100,100,100,100,100,-80,100,-80,100,100,100,100,100,100,100,100,100,100,100,100,100,100,100,100,100,100,100,100,100,100,100,100,-71,-85,-85,100,100,100,100,100,100,100,100,100,100,100,100,100,100,100,-50,-60,100,100,-85,100,100,100,100,100,100,100,-85,100,100,100,140.0,2542.0,0,0,31,3,1,10,1475597838
100,100,100,-86,100,100,-80,100,100,100,100,100,100,100,-63,100,100,100,100,100,100,100,100,-88,100,100,-82,-82,100,100,100,100,-73,-73,-79,-80,-79,-78,100,100,100,100,-45,-45,-51,100,-52,100,100,100,-87,-87,100,100,100,100,100,100,100,100,100,100,100,100,100,-87,100,-81,-77,-83,-83,100,100,100,100,100,100,100,100,100,100,100,100,100,100,100,100,100,100,100,100,100,100,100,100,100,100,100,-65,-63,-67,-67,100,100,-78,-78,100,-83,100,-83,100,100,100,100,100,100,100,100,100,100,100,100,100,100,100,100,100,100,100,100,100,100,100,-74,-74,-83,-83,100,100,100,100,100,100,100,100,100,100,100,100,100,100,100,-50,-75,100,100,-85,100,100,100,100,100,100,100,-85,100,100,100,140.0,2542.0,0,0,31,3,1,10,1475597842
100,100,100,-79,100,100,-76,100,100,100,100,100,100,100,-72,100,100,100,100,100,-81,-81,100,-88,100,100,-82,-82,100,100,100,100,-73,-73,-79,-80,-79,-78,100,100,100,100,-47,-47,-49,100,-54,100,100,100,-89,-88,100,100,100,100,100,100,100,100,100,100,100,100,100,-87,100,-81,100,-83,-83,100,100,100,100,100,100,100,100,100,100,100,100,100,100,100,100,100,100,100,100,100,100,100,100,100,100,100,-65,-63,-72,-72,100,100,-78,-78,100,-82,100,-82,100,100,100,100,100,100,100,100,100,100,100,100,100,100,100,100,100,100,100,100,100,100,100,-72,-73,-83,-83,100,100,100,100,100,100,100,100,100,100,100,100,100,100,100,-59,-69,100,-88,100,100,100,100,100,100,100,100,100,100,100,100,140.0,2542.0,0,0,31,3,1,10,1475597846
100,-79,100,-89,100,-89,-76,100,100,100,100,100,100,100,-64,100,100,100,100,100,-81,-81,100,100,100,100,100,100,-90,-89,100,100,100,100,-84,-83,100,100,100,100,100,100,-50,-50,-62,100,-68,100,100,100,-89,-89,100,100,100,100,100,100,100,100,100,100,100,100,100,-86,-86,100,100,-86,-86,100,100,100,100,-90,-90,100,100,100,100,100,-88,100,-88,100,100,100,100,100,100,100,100,100,100,100,100,100,100,100,-76,-76,100,100,-78,-78,100,-80,100,-81,100,100,100,100,100,100,100,100,100,100,100,100,100,100,100,100,100,100,100,100,100,100,100,-72,-73,100,100,100,100,100,100,100,100,100,100,100,100,100,100,100,100,100,-66,-73,100,-88,100,100,100,100,100,100,100,100,100,100,100,100,140.0,2542.0,0,0,31,3,1,10,1475597850
100,100,100,-87,100,100,-82,100,100,100,100,100,100,100,-75,100,100,100,100,100,-82,-82,100,100,100,100,100,100,-89,-89,100,100,100,100,-87,-87,-70,-71,100,100,100,100,-48,-49,-46,100,-49,100,100,100,100,100,100,100,100,100,100,100,100,100,100,100,100,100,100,100,100,-74,-74,-71,-71,100,100,100,100,100,100,100,100,100,100,100,100,100,100,100,100,100,100,100,100,100,100,100,100,100,100,100,100,-61,-78,-78,100,100,100,-72,100,-80,100,-79,100,100,100,100,100,100,-77,-79,100,-89,100,100,100,100,100,100,100,100,100,100,100,100,100,-66,-66,-77,-76,-82,-83,100,100,100,100,100,100,100,100,100,100,100,100,100,-74,100,100,100,-83,100,100,100,100,100,100,100,100,100,100,100,140.0,2142.0,0,0,27,3,1,10,1475597868
100,100,100,-88,100,100,-72,100,100,100,100,100,100,100,-83,100,100,100,100,100,-82,-82,100,100,100,100,100,100,-89,-89,100,100,-82,-82,-87,-86,-66,-66,100,100,100,100,-49,-49,-51,100,-51,100,100,100,100,100,100,100,100,100,100,100,100,100,100,100,100,100,100,100,100,-74,-76,-74,-57,100,100,100,100,100,100,100,100,100,100,100,100,100,100,100,100,100,100,100,100,100,100,100,100,100,100,100,-63,-63,-74,-74,100,100,-74,-73,100,-73,100,-73,100,100,100,100,100,100,-80,-79,100,-89,100,100,100,100,100,100,100,100,100,100,100,100,100,-66,-63,-75,-75,-79,-80,-88,100,100,100,100,100,100,100,100,100,100,100,100,-67,-71,100,100,-81,100,100,100,100,100,100,100,100,100,100,100,140.0,2142.0,0,0,27,3,1,10,1475597872
100,100,100,-88,100,100,-72,100,100,100,100,100,100,100,-75,100,100,100,100,100,100,-77,100,100,100,100,100,100,-89,-89,100,100,-82,-82,-87,-87,-74,-66,100,100,100,100,-50,-50,-54,100,-54,100,100,100,100,100,100,100,100,100,100,100,100,100,100,100,100,100,100,100,100,-67,-76,-80,-79,100,100,100,100,100,100,100,100,100,100,100,100,100,100,100,100,100,100,100,100,100,100,100,100,100,100,100,-61,-59,-72,-72,100,100,-74,-73,100,-75,100,-75,100,100,100,100,100,100,-84,-84,100,100,100,100,100,100,100,100,100,100,100,100,100,100,100,-67,-66,-78,-78,-79,-80,-88,100,100,100,100,100,100,100,100,100,100,100,100,-67,-65,100,100,-81,100,100,100,100,100,100,100,100,100,100,100,140.0,2142.0,0,0,27,3,1,10,1475597876
100,100,100,-82,100,-86,-82,100,100,100,100,100,100,100,-73,100,100,100,100,100,-80,-80,100,100,100,100,100,100,-90,-90,100,100,100,100,-87,-88,-74,100,100,100,100,100,-47,-47,-55,100,-62,100,100,100,100,100,100,100,100,100,100,100,100,100,100,100,100,100,100,100,100,-80,-79,-69,-69,100,100,100,100,100,100,100,100,100,100,100,100,100,100,100,100,100,100,100,100,100,100,100,100,100,100,100,-60,-60,-70,-69,100,100,100,100,100,-86,100,-86,100,100,100,100,100,100,-82,-83,-89,-89,100,100,100,100,100,100,100,100,100,100,100,100,100,-67,-68,-81,-81,-85,-85,100,100,100,100,100,100,100,100,100,100,100,100,100,-67,-64,100,100,-83,100,100,100,100,100,100,100,100,100,100,100,140.0,2142.0,0,0,27,3,1,10,1475597880
100,100,100,-89,100,100,-68,100,100,100,100,100,100,100,-80,100,100,100,100,100,-76,-77,-83,-73,100,100,100,-77,-88,-88,100,100,100,100,100,100,-69,-70,100,100,100,100,-54,-54,-64,100,-66,100,100,100,100,100,100,100,100,100,100,100,100,100,100,100,100,100,100,100,100,100,100,-67,-67,100,100,100,100,100,100,100,100,100,100,100,100,100,100,100,100,100,100,100,100,100,100,100,100,100,100,100,100,100,-77,-77,100,100,100,100,100,-89,100,-90,100,100,100,100,100,100,100,100,-89,-90,100,100,-89,-87,-85,-85,100,100,100,100,100,100,100,-58,-57,-73,-73,-79,-79,100,-87,100,100,100,100,100,100,100,100,100,100,100,-70,-62,100,100,-75,100,100,100,100,100,100,100,100,100,100,100,339.0,1814.0,0,0,24,3,1,10,1475597893
100,100,100,-89,100,100,-70,100,100,100,100,100,100,100,-66,100,100,100,100,100,-76,-76,-85,-84,100,100,-78,-77,-89,-89,100,100,-87,-86,100,100,-70,-70,100,100,100,100,-59,-59,-71,100,-71,100,100,100,100,100,100,100,100,100,100,100,100,100,100,100,100,100,100,100,100,100,-68,-78,-78,100,100,100,100,100,100,100,100,100,100,100,100,100,100,100,100,100,100,100,100,100,100,100,100,100,100,100,-72,-72,-75,-75,100,100,100,100,100,-87,100,-87,100,100,100,100,100,100,-82,100,-89,-89,100,100,-89,-87,-84,-85,-87,-87,100,100,100,100,100,-66,-66,-72,-72,-80,-79,100,-87,100,100,100,100,100,100,100,100,100,100,100,-75,-74,100,100,-75,100,100,100,100,100,100,100,100,100,100,100,339.0,1814.0,0,0,24,3,1,10,1475597896
100,100,100,-89,-88,-90,-68,100,100,100,100,100,100,100,-85,100,100,100,100,100,-74,-74,-83,-83,100,100,-78,-77,-88,-88,100,100,-87,-86,100,100,-70,-70,100,100,100,100,-54,-54,-53,100,-59,100,100,100,100,100,100,100,100,100,100,100,100,100,100,100,100,100,100,100,100,-69,-70,-76,-76,100,100,100,100,100,100,100,100,100,100,100,100,100,100,100,100,100,100,100,100,100,100,100,100,100,100,100,-72,-72,-77,-78,100,100,100,100,100,-79,100,-79,100,100,100,100,100,100,-82,100,100,-89,100,100,100,100,-84,-85,-87,-87,100,100,100,100,100,-63,-63,-71,-71,-76,-79,100,100,100,100,100,100,100,100,100,100,100,100,100,-72,-72,100,100,-74,100,100,100,100,100,100,100,100,100,100,100,339.0,1814.0,0,0,24,3,1,10,1475597900
100,100,100,-89,-89,-90,-77,100,100,100,100,100,100,100,-72,100,100,100,100,100,-78,-78,-88,-88,100,100,100,100,-89,-89,100,100,100,100,100,100,-79,-79,100,100,100,100,-50,-50,-55,100,-55,100,100,100,100,100,100,100,100,100,100,100,100,100,100,-87,-87,100,100,100,100,-74,-74,-67,-68,100,100,100,100,100,100,100,100,100,100,100,100,100,100,100,100,100,100,100,100,100,100,100,100,100,100,100,-67,-66,-75,-75,100,100,100,100,100,-83,100,-83,100,100,100,100,100,100,100,100,-88,-88,100,100,100,100,100,100,-89,-89,100,100,100,100,100,-63,-63,-69,-69,-82,-81,-87,-86,100,100,100,100,100,100,100,100,100,100,100,-72,-72,100,100,-83,100,100,100,100,100,100,100,100,100,100,100,339.0,1814.0,0,0,24,3,1,10,1475597904
100,100,100,100,100,100,-76,100,100,100,100,100,100,100,-71,100,100,100,100,100,-80,100,-86,-83,100,100,100,100,-86,-87,100,100,100,100,100,100,-72,-73,100,100,100,100,-50,-50,-58,100,-58,100,100,100,100,100,100,100,100,100,100,100,100,100,100,100,100,100,100,100,100,-75,-74,-68,-68,100,100,100,100,100,100,100,100,100,100,100,100,100,100,100,100,100,100,100,100,100,100,100,100,100,100,100,100,-64,-60,-80,100,100,100,100,100,-82,100,-82,100,100,100,100,100,100,-81,-81,-89,-89,100,100,100,100,100,100,-85,-86,100,100,100,100,100,100,100,-75,-74,-84,100,-84,-83,100,100,100,100,100,100,100,100,100,100,100,-70,-66,100,100,-78,100,-83,100,100,100,100,100,100,100,100,100,239.0,1933.5,0,0,26,3,1,10,1475597912
100,100,100,-88,100,100,100,100,100,100,100,100,100,100,-82,100,100,100,100,100,100,100,-87,-87,100,100,100,100,-88,-89,100,100,100,100,100,100,-74,-75,100,100,100,100,-49,-49,-59,100,-61,100,100,100,100,100,100,100,100,100,100,100,100,100,100,100,100,100,100,100,100,-73,100,-70,-70,100,100,100,100,100,100,100,100,100,100,100,100,100,100,100,100,100,100,100,100,100,100,100,100,100,100,100,-70,-70,-77,-77,100,100,100,100,100,-77,100,-78,100,100,100,100,100,100,-79,100,-86,-86,100,100,100,100,-85,-86,-85,-86,100,100,100,100,100,100,100,-72,-72,-80,100,-84,-83,100,100,100,100,100,100,100,100,100,100,100,-75,-76,100,100,-84,100,100,100,100,100,100,100,100,100,100,100,239.0,1933.5,0,0,26,3,1,10,1475597916
100,100,100,-89,100,100,-75,100,100,100,100,100,100,100,-77,100,100,100,100,100,-77,100,-87,-87,100,100,100,100,-88,-89,100,100,100,100,100,100,-69,-69,100,100,100,100,-52,-52,-62,100,-65,100,100,100,100,100,100,100,100,100,100,100,100,100,100,100,100,100,100,100,100,-71,-72,-73,-73,100,100,100,100,100,100,100,100,100,100,100,100,100,100,100,100,100,100,100,100,100,100,100,100,100,100,100,-64,-70,-74,-74,100,100,100,100,100,-80,100,-80,100,100,100,100,100,100,-81,100,-89,-89,100,100,100,100,-85,-86,100,100,100,100,100,100,100,-60,-60,-71,-71,-85,-86,-88,100,100,100,100,100,100,100,100,100,100,100,100,-70,-78,100,100,-78,100,-86,100,100,100,100,100,100,100,100,100,239.0,1933.5,0,0,26,3,1,10,1475597920
100,100,100,-89,-89,100,-77,100,100,100,100,100,100,100,-76,100,100,100,100,100,-79,100,100,100,100,100,100,100,-90,-90,100,100,100,100,100,100,-75,-75,100,100,100,100,-49,-49,-52,100,-53,100,100,100,-90,-90,100,100,100,100,100,100,100,100,100,100,100,100,100,100,100,-80,-80,-77,-77,100,100,100,100,100,100,100,100,100,100,100,100,100,100,100,100,100,100,100,100,100,100,100,100,100,100,100,-63,-63,-74,-74,100,100,100,100,100,-85,100,-85,100,100,100,100,100,100,-77,100,-89,-89,100,100,100,100,100,100,100,100,100,100,100,100,100,-64,-60,-68,-68,-85,-86,-88,-89,100,100,100,100,100,100,100,100,100,100,100,-73,-70,100,100,-79,100,-86,100,100,100,100,100,100,100,100,100,239.0,1933.5,0,0,26,3,1,10,1475597924
100,100,100,100,-87,100,-78,100,100,100,100,100,100,100,-86,100,100,100,100,100,-76,-75,-83,-83,100,100,100,100,-88,-87,100,100,100,100,100,100,100,100,100,100,100,100,-56,-56,-64,100,-64,100,100,100,100,100,100,100,-88,-87,100,100,100,100,100,100,100,100,100,100,100,-64,-64,-56,-57,100,100,100,100,100,100,100,100,100,100,100,100,100,100,100,100,100,100,100,100,100,100,100,100,100,100,100,100,-72,-81,-80,100,100,-85,100,100,-87,100,-88,100,100,100,100,100,100,-78,-79,-87,-87,100,100,100,100,100,-87,100,100,100,100,100,100,100,-67,-68,-76,-77,-84,100,100,100,100,100,100,100,100,100,100,100,100,100,100,-82,-73,100,100,-77,100,100,100,100,100,100,100,100,100,100,100,40.0,1607.0,0,0,21,3,1,10,1475597936
100,100,100,100,-87,100,-73,100,100,100,100,100,100,100,-79,100,100,100,100,100,-79,-79,-80,-80,100,100,-74,-74,-86,-87,100,100,100,100,100,100,-73,-73,100,100,100,100,-58,-58,-68,100,-68,100,100,100,100,100,100,100,-88,-87,100,100,100,100,100,100,100,100,100,100,100,-65,-66,-63,-64,100,100,100,100,100,100,100,100,100,100,100,100,100,100,100,100,100,100,100,100,100,100,100,100,100,100,100,-70,-72,-82,-82,100,100,-85,100,100,-76,100,-77,100,100,100,100,100,100,-78,-79,-85,-85,100,100,100,100,100,-84,100,100,100,100,100,100,100,-63,-63,-75,-75,-78,-78,-83,-83,100,100,100,100,100,100,100,100,100,100,100,-79,-73,100,100,-70,100,100,100,100,100,100,100,100,100,100,100,40.0,1607.0,0,0,21,3,1,10,1475597940
100,100,100,-88,100,100,-71,100,100,100,100,100,100,100,-84,100,100,100,100,100,-79,-78,-89,-89,100,100,-74,-74,-88,-88,100,100,100,100,100,100,-73,-72,100,100,100,100,-49,-49,-58,100,-60,100,100,100,100,100,100,100,100,100,100,100,100,100,100,100,100,100,100,100,100,-69,-70,-67,-68,100,100,100,100,100,100,100,100,100,100,100,100,100,100,100,100,100,100,100,100,100,100,100,100,100,100,100,-70,-70,-73,-73,100,100,100,100,100,-78,100,-78,100,100,100,100,100,100,-74,100,-88,-89,100,100,100,100,-87,-84,100,100,100,100,100,100,100,-68,-68,-75,-75,-78,-78,-87,-87,100,100,100,100,100,100,100,100,100,100,100,-81,-84,100,100,-77,100,100,100,100,100,100,100,100,100,-90,100,40.0,1607.0,0,0,21,3,1,10,1475597944
100,100,100,-87,100,100,-77,100,100,100,100,100,100,100,-71,100,100,100,100,100,-71,-70,-86,-86,100,100,100,100,-88,-87,100,100,100,100,100,100,-75,-72,100,100,100,100,-54,-54,-55,100,-64,100,100,100,100,100,100,100,100,100,100,100,100,100,100,100,100,100,100,100,100,-70,-71,-62,-63,100,100,100,100,100,100,100,100,100,100,100,100,100,100,100,100,100,100,100,100,100,100,100,100,100,100,100,-71,-71,-75,-75,100,100,100,100,100,-85,100,-85,100,100,100,100,-86,-86,-81,-79,-89,-88,100,100,100,100,-87,100,100,100,100,100,100,100,100,-66,-65,-74,-74,-79,-78,-87,-88,100,100,100,100,100,100,100,100,100,100,100,-82,-68,100,100,-88,100,100,100,100,100,100,100,100,100,-90,100,40.0,1607.0,0,0,21,3,1,10,1475597948
100,100,100,100,100,100,100,100,100,100,100,100,100,100,-74,100,100,100,100,100,-79,100,100,100,100,100,-60,-84,100,100,100,100,100,100,100,100,-74,-75,100,100,100,100,-60,-60,-58,100,-58,100,100,100,100,100,100,100,100,100,100,100,100,100,100,100,100,100,100,100,100,-73,-73,-75,-75,100,100,100,100,100,100,100,100,100,100,100,100,100,100,100,100,100,100,100,100,100,100,100,100,100,100,100,-71,-71,-85,-84,100,100,-83,-84,100,-81,100,-82,100,100,100,100,100,100,-79,100,100,100,100,100,100,100,100,100,100,100,100,100,100,100,100,-59,-59,-77,-77,-84,-84,100,100,100,100,100,100,100,100,100,100,100,100,100,-81,-76,100,100,100,100,100,100,100,100,100,100,100,100,100,100,140.0,1814.0,0,0,23,3,1,10,1475597958
100,100,100,-87,100,100,-75,100,100,100,100,100,100,100,-81,100,100,100,100,100,-79,-82,100,100,100,100,-86,-87,-89,-90,100,100,-87,100,100,100,-77,-77,100,100,100,100,-55,-55,-57,100,-58,100,100,100,100,100,100,100,100,100,100,100,100,100,100,100,100,100,100,100,100,-79,-79,-69,-69,100,100,100,100,100,100,100,100,100,100,100,100,100,100,100,100,100,100,100,100,100,100,100,100,100,100,100,-67,-67,-85,-84,100,100,-86,-85,100,-84,100,-83,100,100,100,100,100,100,-82,100,-88,-88,100,100,100,100,100,100,100,100,100,100,100,100,100,-65,-65,-75,-75,-84,-84,100,100,100,100,100,100,100,100,100,100,100,100,100,-78,-77,100,100,-88,100,100,100,100,100,100,100,100,100,100,100,140.0,1814.0,0,0,23,3,1,10,1475597962
100,100,100,-87,100,100,-77,100,100,100,100,100,100,100,-81,100,100,100,100,100,-78,-77,-86,-87,100,100,-86,-87,-90,-89,100,100,-88,-88,100,100,-69,-69,100,100,100,100,-65,-65,-66,100,-66,100,100,100,100,100,100,100,100,100,100,100,100,100,100,100,100,100,100,100,100,-79,-79,-68,-68,100,100,100,100,100,100,100,100,100,100,100,100,100,100,100,100,100,100,100,100,100,100,100,100,100,100,100,-67,-67,-82,-82,100,100,-84,-85,100,-88,100,-88,100,100,100,100,100,100,-75,100,-89,-89,100,100,100,100,100,100,100,100,100,100,100,100,100,-71,-70,-76,-76,-78,-77,-86,-85,100,100,100,100,100,100,100,100,100,100,100,-79,-68,100,100,-77,100,100,100,100,100,100,100,100,100,100,100,140.0,1814.0,0,0,23,3,1,10,1475597966
100,100,100,100,100,100,-79,100,100,100,100,100,100,100,-77,100,100,100,100,100,-78,-77,-87,-87,100,100,-78,-79,-90,-91,100,100,-88,-88,100,100,-69,-69,100,100,100,100,-61,-61,-62,100,-63,100,100,100,100,100,100,100,100,100,100,100,100,100,100,100,100,100,100,100,100,-70,-70,-71,-71,100,100,100,100,100,100,100,100,100,100,100,100,100,100,100,100,100,100,100,100,100,100,100,100,100,100,100,-67,-71,-85,-85,100,100,-84,100,100,-83,100,-83,100,100,100,100,100,100,-82,100,-89,-89,100,100,100,100,100,100,100,100,100,100,100,100,100,-66,-67,-71,-71,-78,-77,-86,-85,100,100,100,100,100,100,100,100,100,100,100,-79,-70,100,100,-86,100,100,100,100,100,100,100,100,100,100,100,140.0,1814.0,0,0,23,3,1,10,1475597970
100,100,100,100,100,100,-78,100,100,100,100,100,100,100,100,100,100,100,100,100,-73,-73,-85,-86,100,100,100,100,-86,-85,-88,100,100,100,100,100,-65,-65,100,100,100,100,-77,-77,-75,100,-75,100,100,100,100,100,100,100,100,100,100,100,100,100,100,100,100,100,100,100,100,-69,-69,-52,-55,100,100,100,100,100,100,100,100,100,100,100,100,100,100,100,100,100,100,100,100,100,100,100,100,100,100,100,-81,-81,-87,-87,100,100,100,100,100,100,100,100,100,100,100,100,100,100,-74,-74,-86,-86,100,100,100,100,-86,-85,-88,-89,100,100,100,100,100,-77,-77,-76,-76,-73,-73,100,100,100,100,100,100,100,100,100,100,100,100,100,-90,-83,100,100,-77,100,100,100,100,100,100,100,100,100,100,100,239.0,1264.5,0,0,18,3,1,10,1475597983
100,100,100,100,100,100,-69,100,100,100,100,100,100,100,-88,100,100,100,100,100,-75,-75,-83,-83,100,100,100,100,-90,-89,-88,100,100,100,100,100,-63,-64,100,100,100,100,-70,-70,-73,100,-73,100,100,100,100,100,100,100,100,100,100,100,100,100,100,100,100,100,100,100,100,-62,-62,-53,-66,100,100,100,100,100,100,100,100,100,100,100,100,100,100,100,100,100,100,100,100,100,100,100,100,100,100,100,-81,-82,-84,-84,100,100,100,100,100,-88,100,-89,100,100,100,100,100,100,-80,-74,-87,-86,100,100,100,100,-86,-85,-88,-89,100,100,100,100,100,-74,-74,-80,-79,-75,-74,-84,-84,100,100,100,100,100,100,100,100,100,100,100,-87,-79,100,100,-77,100,100,100,100,100,100,100,100,100,-91,100,239.0,1264.5,0,0,18,3,1,10,1475597986
100,100,100,100,100,100,-68,100,100,100,100,100,100,100,-89,100,100,100,100,100,-75,-74,-84,-84,100,100,100,100,-86,-85,100,100,100,100,100,100,-64,-64,100,100,100,100,-61,-61,-60,100,-60,100,100,100,100,100,100,100,100,100,100,100,100,100,100,100,100,100,100,100,100,-66,-66,-56,-62,100,100,100,100,100,100,100,100,100,100,100,100,100,100,100,100,100,100,100,100,100,100,100,100,100,100,100,-81,-82,-86,-86,100,100,100,100,100,-85,100,-85,100,100,100,100,100,100,-80,100,-89,-91,100,100,100,100,100,100,100,100,100,100,100,100,100,-75,-75,-79,-79,-79,-78,-88,-88,100,100,100,100,100,100,100,100,100,100,100,-81,-73,100,100,-78,100,100,100,100,100,100,100,100,100,-91,100,239.0,1264.5,0,0,18,3,1,10,1475597990
100,100,100,100,100,100,-78,100,100,100,100,100,100,100,-81,100,100,100,100,100,-75,-75,-87,-87,100,100,100,100,-82,-82,100,100,100,100,100,100,-74,-74,100,100,100,100,-61,-62,-72,100,-72,100,100,100,100,100,100,100,100,100,100,100,100,100,100,100,100,100,100,100,100,-62,-62,-55,-58,100,100,100,100,100,100,100,100,100,100,100,100,100,100,100,100,100,100,100,100,100,100,100,100,100,100,100,-78,-78,-81,-81,100,100,100,100,100,-88,100,-89,100,100,100,100,100,100,100,100,-85,-85,100,100,100,100,100,100,-88,100,100,100,100,100,100,-75,-72,-77,-77,-82,-82,-88,-88,100,100,100,100,100,100,100,100,100,100,100,-82,-69,100,100,-81,100,100,100,100,100,100,100,100,100,100,100,239.0,1264.5,0,0,18,3,1,10,1475597994
100,100,100,100,-87,100,-59,100,100,100,100,100,100,100,100,100,100,100,100,100,100,100,100,100,100,100,-82,-83,-88,-88,100,100,100,100,100,100,-56,-56,100,100,100,100,100,100,-85,100,-84,100,100,100,100,100,100,100,-88,100,100,100,100,100,100,100,100,100,100,100,100,-80,-79,-74,-78,100,100,100,100,100,100,100,100,100,100,100,100,100,100,100,100,100,100,100,100,100,100,100,100,100,100,100,-89,-87,100,100,100,100,100,100,100,100,100,100,100,100,100,100,100,100,-80,-80,-89,-91,100,100,100,100,-83,-82,-84,-83,-89,-89,100,100,100,-85,-85,100,100,-69,-69,-75,-75,100,100,100,100,100,100,100,100,100,100,100,-87,-75,100,100,-82,100,100,100,100,100,100,100,100,100,100,100,339.0,562.0,0,0,8,3,1,10,1475598011
100,100,100,100,-84,100,-67,100,100,100,100,100,100,100,100,100,100,100,100,100,100,100,100,100,100,100,-85,-83,-90,-90,100,100,100,100,100,100,-60,-59,100,100,100,100,-79,-79,-83,100,-82,100,100,100,100,100,100,100,-88,100,100,100,100,100,100,100,100,100,100,100,100,-77,-77,-67,-69,100,100,100,100,100,100,100,100,100,100,100,100,100,100,100,100,100,100,100,100,100,100,100,100,100,100,100,-88,-88,100,100,100,100,100,100,100,100,100,100,100,100,100,100,100,100,-81,-81,-87,-88,100,100,100,100,-79,-83,-86,-86,-89,-89,100,100,100,-83,-84,100,100,-67,-67,-70,-70,100,100,100,100,100,100,100,100,100,100,100,-85,-73,100,100,-80,100,100,100,100,100,100,100,100,100,100,100,339.0,562.0,0,0,8,3,1,10,1475598014
100,100,100,100,-84,100,-61,100,100,100,100,100,100,100,100,100,100,100,100,100,100,100,-87,-87,100,100,-85,100,-90,-90,100,100,100,100,100,100,-58,-61,100,100,100,100,-74,-79,-71,100,-71,100,100,100,100,100,100,100,100,100,100,100,100,100,100,100,100,100,100,100,100,-76,-73,-66,-67,100,100,100,100,100,100,100,100,100,100,100,100,100,100,100,100,100,100,100,100,100,100,100,100,100,100,100,-88,-88,-87,-86,100,100,100,100,100,100,100,100,100,100,100,100,100,100,-84,-81,-87,-88,100,100,100,100,-82,-83,-89,-89,100,100,100,100,100,-83,-84,-85,-86,-66,-66,-70,-78,100,100,100,100,100,100,100,100,100,100,100,-84,-75,100,100,-82,100,100,100,100,100,100,100,100,100,100,100,339.0,562.0,0,0,8,3,1,10,1475598018
100,100,100,100,-88,100,-64,100,100,100,100,100,100,100,100,100,100,100,100,100,-86,-86,-87,-87,100,100,100,100,-88,-87,100,100,100,100,100,100,-53,-53,100,100,100,100,-78,-78,-74,100,-74,100,100,100,100,100,100,100,100,100,100,100,100,100,100,100,100,100,100,100,100,-73,-73,-64,-71,100,100,100,100,100,100,100,100,100,100,100,100,100,100,100,100,100,100,100,100,100,100,100,100,100,100,100,100,100,-87,-86,100,100,100,100,100,100,100,100,100,100,100,100,100,100,-83,100,-87,-86,100,100,100,100,-82,100,-84,-85,100,100,100,100,100,-84,100,-85,-85,-69,-69,100,-78,100,100,100,100,100,100,100,100,100,100,100,-76,-58,100,100,-82,100,100,100,100,100,100,100,100,100,100,100,339.0,562.0,0,0,8,3,1,10,1475598022
-89,100,100,100,-87,100,-69,100,100,100,100,100,100,100,-90,100,100,100,100,100,-87,-85,100,100,100,100,-81,-80,-86,-86,-86,-86,100,100,100,100,-60,-60,100,100,100,100,-71,-70,-83,100,-84,100,100,100,100,100,100,100,-85,-87,100,100,100,100,100,100,100,100,100,100,100,-73,-73,-63,-68,100,100,100,100,100,100,100,100,100,100,100,100,100,100,100,100,100,100,100,100,100,100,100,100,100,100,100,-82,-82,100,100,100,100,100,100,100,100,100,100,100,100,100,100,100,100,-75,-75,-86,-86,100,100,100,100,100,-81,-86,-85,-84,-84,100,-88,100,-83,-82,100,100,-80,-79,-82,-82,100,100,100,100,100,100,100,100,100,100,100,-64,-69,100,100,-86,100,100,100,100,100,100,100,100,100,100,100,40.0,681.0,0,0,9,3,1,10,1475598031
-89,100,100,100,-90,100,-76,100,100,100,100,100,100,100,-87,100,100,100,100,100,100,100,100,100,100,100,-81,-80,-90,-86,-86,-87,100,100,100,100,-63,-62,100,100,100,100,-72,-71,-84,100,-84,100,100,100,100,100,100,100,-85,-84,100,100,100,100,100,-88,-90,100,100,100,100,-69,-69,-64,-68,100,100,100,100,100,100,100,100,100,100,100,100,100,100,100,100,100,100,100,100,100,100,100,100,100,100,100,-82,-82,100,100,100,100,100,100,100,100,100,100,100,100,100,100,100,100,-76,-76,-86,-87,100,100,100,100,100,-79,-83,-83,-84,-84,100,-88,100,-83,-82,100,100,-74,-74,-77,-78,100,100,100,100,100,100,100,100,100,100,100,-66,-70,100,100,-81,100,100,100,100,100,100,100,100,100,100,100,40.0,681.0,0,0,9,3,1,10,1475598034
100,100,100,100,-88,100,-73,100,100,100,100,100,100,100,-87,100,100,100,100,100,100,100,-88,-88,100,100,-82,100,-86,-86,-86,-87,100,100,100,100,-57,-57,100,100,100,100,-79,-78,-81,100,-81,100,100,100,100,100,100,100,-85,-84,100,100,100,100,100,-88,-90,100,100,100,100,-72,-72,-65,-68,100,100,100,100,100,100,100,100,100,100,100,100,100,100,100,100,100,100,100,100,100,100,100,100,100,100,100,-87,-86,100,100,100,100,100,100,100,100,100,-90,100,100,100,100,100,100,-77,-76,-87,-87,100,100,100,100,-82,-82,-85,-84,100,100,100,100,100,100,100,100,100,-70,-70,-77,-78,100,100,100,100,100,100,100,100,100,100,100,-67,-63,100,100,-78,100,100,100,100,100,100,100,100,100,100,100,40.0,681.0,0,0,9,3,1,10,1475598038
100,100,100,100,-88,100,-64,100,100,100,100,100,100,100,100,100,100,100,100,100,100,100,-88,-88,100,100,-83,-82,-88,-88,100,100,100,100,100,100,-57,-57,100,100,100,100,-74,-74,-75,100,-76,100,100,100,100,100,100,100,-88,-88,100,100,100,100,100,100,100,100,100,100,100,-71,-72,-63,-67,100,100,100,100,100,100,100,100,100,100,100,100,100,100,100,100,100,100,100,100,100,100,100,100,100,100,100,-82,-82,100,-88,100,100,100,100,100,-90,100,-88,100,100,100,100,100,100,-77,-77,-82,-82,100,100,100,100,-81,-81,-88,-89,100,100,100,100,100,100,100,-85,-85,-69,-68,-79,-78,100,100,100,100,100,100,100,100,100,100,100,-68,-68,100,100,-85,100,100,100,100,100,100,100,100,100,100,100,40.0,681.0,0,0,9,3,1,10,1475598042
100,100,100,100,-87,100,-66,100,100,100,100,100,100,100,100,100,100,100,100,100,-85,-85,100,100,100,100,100,100,100,100,100,100,100,100,100,100,-61,-61,100,100,100,100,-86,-79,-84,100,-85,100,100,100,100,100,100,100,-86,-86,100,100,100,100,100,100,100,100,100,100,100,-78,-79,-69,-71,100,100,100,100,100,100,100,100,100,100,100,100,100,100,100,100,100,100,100,100,100,100,100,100,100,100,100,100,100,100,100,100,100,100,100,100,100,100,100,100,100,100,100,100,100,-84,-84,100,100,100,100,100,100,-81,-80,-82,-83,100,100,100,100,100,100,100,100,100,-73,-73,-78,-78,100,100,100,100,100,100,100,100,100,100,100,-76,-71,100,100,-86,100,100,100,100,100,100,100,100,100,100,100,40.0,338.0,0,0,5,3,1,10,1475598054
100,100,100,100,-83,100,-64,100,100,100,100,100,100,100,100,100,100,100,100,100,-85,-85,100,100,100,100,100,100,100,100,100,100,100,100,100,100,-64,-64,100,100,100,100,-86,-79,-84,100,-84,100,100,100,100,100,100,100,-87,-86,100,100,100,100,100,100,100,100,100,100,100,-75,-74,-68,-73,100,100,100,100,100,100,100,100,100,100,100,100,100,100,100,100,100,100,100,100,100,100,100,100,100,100,100,-84,-84,100,100,100,100,100,100,100,-90,100,100,100,100,100,100,100,100,-85,-84,100,100,100,100,100,100,-79,-81,-86,-86,-87,-87,100,100,100,-84,-84,-88,-88,-70,-70,-79,-79,100,100,100,100,100,100,100,100,100,100,100,-69,-64,100,100,-86,100,100,100,100,100,100,100,100,100,100,100,40.0,338.0,0,0,5,3,1,10,1475598058
-89,100,100,100,-83,100,-71,100,100,100,100,100,100,100,-88,100,100,100,100,100,100,100,100,100,100,100,-87,-87,-89,-89,100,100,100,100,100,100,-63,-63,100,100,100,100,-73,-73,-84,100,-83,100,100,100,100,100,100,100,-87,100,100,100,100,100,100,100,100,100,100,100,100,-68,-68,-66,-69,100,100,100,100,100,100,100,100,100,100,100,100,100,100,100,100,100,100,100,100,100,100,100,100,100,100,100,-84,-84,-87,-87,100,100,100,100,100,-90,100,-91,100,100,100,100,100,100,-85,100,100,100,100,100,100,100,-82,-82,-85,-85,-88,-89,100,100,100,-83,-83,-87,-87,-67,-67,-74,-74,100,100,100,100,100,100,100,100,100,100,100,-73,-64,100,100,-86,100,100,100,100,100,100,100,100,100,100,100,40.0,338.0,0,0,5,3,1,10,1475598062
-89,100,100,100,100,100,-66,100,100,100,100,100,100,100,-87,100,100,100,100,100,100,100,100,100,100,100,-87,-87,-89,-89,100,100,100,100,100,100,-56,-56,100,100,100,100,-75,-73,-82,100,-82,100,100,100,100,100,100,100,100,100,100,100,100,100,100,100,100,100,100,100,100,-69,-70,-65,-76,100,100,100,100,100,100,100,100,100,100,100,100,100,100,100,100,100,100,100,100,100,100,100,100,100,100,100,-84,-83,-87,-87,100,100,100,100,100,-90,100,-90,100,100,100,100,100,100,-85,100,-89,-89,100,100,100,100,-82,-83,-83,-84,-88,-89,100,100,100,-84,-84,-87,-87,-74,-74,-86,-86,100,100,100,100,100,100,100,100,100,100,100,-60,-78,100,100,-80,100,100,100,100,100,100,100,100,100,100,100,40.0,338.0,0,0,5,3,1,10,1475598066
-87,100,100,100,-71,100,-70,100,100,100,100,100,100,100,100,100,100,100,100,100,100,-83,100,100,100,100,-90,-89,-89,-90,100,100,100,100,100,100,-66,-66,100,100,100,100,-73,-73,-72,100,-72,100,100,100,100,100,100,100,100,100,100,100,100,100,100,100,100,100,100,100,100,-67,-66,-70,-76,100,100,100,100,100,100,100,100,100,100,100,100,100,100,100,100,100,100,100,100,100,100,100,100,100,100,100,-84,-84,100,100,100,100,100,100,100,-90,100,-91,100,100,100,100,100,100,-84,100,-89,-89,100,100,100,100,-86,-80,-87,-87,100,-88,100,100,100,-79,-85,-88,-88,-74,-74,-79,-79,100,100,100,100,100,100,100,100,100,100,100,-69,-75,100,100,-86,100,-89,100,100,100,100,100,100,100,100,100,339.0,218.0,0,0,4,3,1,10,1475598074
-87,100,100,100,-78,100,-60,100,100,100,100,100,100,100,100,100,100,100,100,100,100,-83,100,100,100,100,-85,-85,-89,-90,100,100,100,100,100,100,-61,-61,100,100,100,100,-72,-72,-72,100,-72,100,100,100,100,100,100,100,100,100,100,100,100,100,100,100,100,100,100,100,100,-76,-76,-72,-74,100,100,100,100,100,100,100,100,100,100,100,100,100,100,100,100,100,100,100,100,100,100,100,100,100,100,100,100,100,-89,-88,100,100,100,100,100,-90,100,-91,100,100,100,100,100,100,-84,100,-89,-90,100,100,100,100,-85,-84,-87,-87,100,100,100,100,100,-83,-84,-89,100,-76,-76,-80,-81,100,100,100,100,100,100,100,100,100,100,100,-72,-64,100,100,-80,100,-89,100,100,100,100,100,100,100,-89,100,339.0,218.0,0,0,4,3,1,10,1475598077
100,100,100,100,-84,100,-54,100,100,100,100,100,100,100,-90,100,100,100,100,100,-85,-86,100,100,100,100,-85,-85,100,100,100,100,100,100,100,100,-57,-57,100,100,100,100,-71,-72,-77,100,-77,100,100,100,100,100,100,100,100,100,100,100,100,100,100,100,100,100,100,100,100,-81,-79,-68,-72,100,100,100,100,100,100,100,100,100,100,100,100,100,100,100,100,100,100,100,100,100,100,100,100,100,100,100,100,100,-88,-88,100,100,100,100,100,-89,100,-89,100,100,100,100,100,100,-82,100,-90,-89,100,100,100,100,-78,-84,-82,-82,100,100,100,100,100,-83,-84,-87,-88,-68,-68,-79,-80,100,100,100,100,100,100,100,100,100,100,100,-64,-69,100,100,-87,100,100,100,100,100,100,100,100,100,-89,100,339.0,218.0,0,0,4,3,1,10,1475598081
100,100,100,100,-81,100,-58,100,100,100,100,100,100,100,-87,100,100,100,100,100,-83,-83,100,100,100,100,100,100,100,100,100,100,100,100,100,100,-64,-64,100,100,100,100,-71,-72,-85,100,-86,100,100,100,100,100,100,100,100,100,100,100,100,100,100,100,100,100,100,100,100,-76,-75,-67,-79,100,100,100,100,100,100,100,100,100,100,100,100,100,100,100,100,100,100,100,100,100,100,100,100,100,100,100,100,100,-88,-88,100,100,100,100,100,-89,100,-89,100,100,100,100,100,100,-81,-82,-90,-89,100,100,100,100,-78,-80,-81,-81,100,-88,100,100,100,100,-82,-87,-88,-71,-71,-78,-79,100,100,100,100,100,100,100,100,100,100,100,-71,-71,100,100,-89,100,100,100,100,100,100,100,100,100,100,100,339.0,218.0,0,0,4,3,1,10,1475598085
